address,version,token0,token1,decimals0,decimals1,fee
0x45F2f0D911dd6AA3Cd2A3D83296F6D0518Feef8b,3,0x7ceB23fD6bC0adD59E62ac25578270cFf1b9f619,0xf0Cf2bB77cC6568fFf8c408453b4E8DD62Bc612D,18,18,10000
0xf9170fE0fB55D9EeBd42aa3Fc6578DD388A26bdD,3,0x7ceB23fD6bC0adD59E62ac25578270cFf1b9f619,0x836F344A642B45d77d2034Fea55EA672D5D6cDCC,18,18,10000
0x6f9a307eDee8a61603F4C23e40e9E1325bC1E10c,3,0x0000000000000000000000000000000000001010,0xcdb1aDf33fe0E49b6491bcFF9bC7B099381c919e,18,18,3000
0x9cd0da417ffD74Bd32C5D9C4B259F03526368aAe,3,0xc2132D05D31c914a87C6611C10748AEb04B58e8F,0xcdb1aDf33fe0E49b6491bcFF9bC7B099381c919e,6,18,3000
0x6aDA7543a37C1bB4C695C339e839f7f6095E5222,3,0x46E3869AbE8Eb6c777eabB6dCb3cE9F38e3Bfcc6,0xeB51D9A39AD5EEF215dC0Bf39a8821ff804A0F01,18,9,100
0x60371247C462942788c630f119Da105be57C3408,3,0x0000000000000000000000000000000000001010,0x3A58a54C066FdC0f2D55FC9C89F0415C92eBf3C4,18,18,100
0xc55c1ba3275d0c25FDc70a7990F34391467b9096,3,0x086373fad3447F7F86252fb59d56107e9E0FaaFa,0x382586651f043cBdEc7bb586e367D77B26D7d149,18,6,100
0x840D0817b97B907f18Dd4237613Ac17A9BF71385,3,0x0d500B1d8E8eF31E21C99d1Db9A6444d3ADf1270,0x3b4b9Fc079114337d3E97321fD5dB8F2Ef6c9Ae8,18,18,100
0xe35c5651C69a7b65e75cB1B5AbB143DC12132478,3,0x0000000000000000000000000000000000001010,0x82DD3d24961bbc24c47183b497e6c11dBa831CF8,18,18,3000
0xbba7054e42ee7a45FDA4722D42CF24c9b3DC87C6,3,0x0d500B1d8E8eF31E21C99d1Db9A6444d3ADf1270,0xfaddCcC0F35187EB032aE29B6b7759d89B2BAe5f,18,18,500
0xA430a6f6411F8886295A97e470C11edC8953C3a3,3,0x7Bb11E7f8b10E9e571E5d8Eace04735fDFB2358a,0xd93f7E271cB87c23AaA73edC008A79646d1F9912,18,9,3000
0x07A71C044F0B12b038dfFc42a6c2354331F5a514,3,0x0d500B1d8E8eF31E21C99d1Db9A6444d3ADf1270,0xa80DD67d3853aE24D83B3A80144a7aF00E746231,18,4,100
0xCEe4363290717953B1942547012DbE7030A2719c,3,0xc2132D05D31c914a87C6611C10748AEb04B58e8F,0xc9a5af42116e3611e0EddAF714544EddEFb6fA38,6,18,100
0x204133F4dF4E91754758b5f1427046acBC61f1E1,3,0x2251bF8A2D96bcEb87098012025cd37FB312D641,0x57B4d2efBf84A26a69bb1a69a5Dde8C429577c0C,18,18,3000
0x76e47501C7ec71758dBC6417933BdcdCb2fcEf47,3,0x0d500B1d8E8eF31E21C99d1Db9A6444d3ADf1270,0xdCC0829C2FFFAd7344226cD7653F36a90cE710e3,18,18,100
0x5980703e92bF53359D773DB2854787Ac1f15Dc9A,3,0x06482b5008B509E66697369d55A0d1F61446d9DF,0x0d500B1d8E8eF31E21C99d1Db9A6444d3ADf1270,2,18,100
0x36641DE48B01e7815F51b3e7E8f9Ff61383965a2,3,0x0d500B1d8E8eF31E21C99d1Db9A6444d3ADf1270,0xEa7c83D8A4105a54D47fdc3D3163cEaDDe2E9F56,18,18,10000
0x90262E3ee18deF0220186315A4712eC5178a7Ed8,3,0x6ec7Bd5aa7A95cc8f90987305d8853ab4a128e84,0xF0694732b647e162D19AE44878dA64e18E6DaecD,18,6,100
0x72473383fa21aec7a4E00b902658d8aCb4b67F50,3,0x3318FFb2D1373BE2Ad4F3E8F1c77502005493E7C,0xEE4362D815d6A1900793c01a9BeDaAA3960054a5,18,18,100
0xa6568537B488F1FcFA0348fB0e77B295Ea242fC3,3,0x6ec7Bd5aa7A95cc8f90987305d8853ab4a128e84,0xF0694732b647e162D19AE44878dA64e18E6DaecD,18,6,500
0xC53CBD67FB0A70AD0f436e00113B66A0Ebb920d4,3,0x0d500B1d8E8eF31E21C99d1Db9A6444d3ADf1270,0x8fCA2c22F33a5175ab8a5b7A6Eb295508eb1aa54,18,18,100
0x882A29A1ad039931CFf4bf66C634Db056a753c01,3,0x0d500B1d8E8eF31E21C99d1Db9A6444d3ADf1270,0x4c3edfb4af2185d5B9a2C25f9765F21FBb018958,18,18,10000
0x2724eb620a79Fd9C92fc88a67dB269B9b040be27,3,0x2791Bca1f2de4661ED88A30C99A7a9449Aa84174,0xE238Ecb42C424E877652AD82d8A939183A04C35f,6,18,500
0x01d82c8A729a18026D7d888774926C65C18e11c8,3,0x0d500B1d8E8eF31E21C99d1Db9A6444d3ADf1270,0x9A295B2B8922f7c7B33838DbC704A9F02575C61E,18,18,10000
0x4DD3008D185e948029FAff5a5994D36D1861EcE3,3,0x2791Bca1f2de4661ED88A30C99A7a9449Aa84174,0x9A295B2B8922f7c7B33838DbC704A9F02575C61E,6,18,10000
0xD73B2F7a3bDfAB94cdfcc8270525900a81473203,3,0x0d500B1d8E8eF31E21C99d1Db9A6444d3ADf1270,0xC27d5C2e8cCcDF0b0eAC3d687FAd5dE537c03a04,18,18,3000
0x88C74Bc8621366bC2F8ba46165be80cCF90992e0,3,0x61299774020dA444Af134c82fa83E3810b309991,0x8505b9d2254A7Ae468c0E9dd10Ccea3A837aef5c,18,18,10000
0xFCE189b9A174273811d308C279BCEfa216Ec5593,3,0x2791Bca1f2de4661ED88A30C99A7a9449Aa84174,0x9A295B2B8922f7c7B33838DbC704A9F02575C61E,6,18,3000
0xDA658DfA762d380d3d9993571bd3Ee293F6b80Ee,3,0x0d500B1d8E8eF31E21C99d1Db9A6444d3ADf1270,0xc9A636fEbE91856d0FA3b82B96aC608215762A89,18,18,10000
0x4FE0EaED7541D67aC25c3ce524bcE107540756FF,3,0x0d500B1d8E8eF31E21C99d1Db9A6444d3ADf1270,0x7Bb439e2Fb2091FF81e1CE525eDE778860f46904,18,9,3000
0x9F8dC3EF6B57dE47E7896081D87Effb35270d808,3,0x0d500B1d8E8eF31E21C99d1Db9A6444d3ADf1270,0xc68626F5baeb17FC8CCDC8231a8e56f8d9D5e18d,18,18,10000
0x56b9Dd39Ff6DAcA4CE4F1768Fc678C2a98E09901,3,0x172370d5Cd63279eFa6d502DAB29171933a610AF,0xf00BE7bAB864C922AcaAbcf843c49d290Cc97d90,18,18,10000
0x7e9CcC8b547d351F6F62c9576E7f20C66AC620D0,3,0x0d500B1d8E8eF31E21C99d1Db9A6444d3ADf1270,0x8A370bead602d39d2d0eC264fe4fcE2Ef35383dF,18,18,10000
0x2bC93a10CD7a462FD97Fb674e8D5451c167FC4dC,3,0x0d500B1d8E8eF31E21C99d1Db9A6444d3ADf1270,0x1C19d1E55159A91938bC2eBA8c85d8A907B12546,18,18,3000
0xda3c558B1972B595fe947e2c5Dc29502f253A90A,3,0x0d500B1d8E8eF31E21C99d1Db9A6444d3ADf1270,0xa5536ED0C33489b813241F4b3830121e056E4168,18,18,3000
0x7a870923881deF200E6e2fb3Ed980FaAC266e3c7,3,0x086373fad3447F7F86252fb59d56107e9E0FaaFa,0x0d500B1d8E8eF31E21C99d1Db9A6444d3ADf1270,18,18,3000
0x7FB09Ae882e5A50198322a27858eEFAf14F88951,3,0xc2132D05D31c914a87C6611C10748AEb04B58e8F,0xfa68FB4628DFF1028CFEc22b4162FCcd0d45efb6,6,18,3000
0xCcF975ec5DB4df2E2ee32a2EEEf3626650A1F42F,3,0x0d500B1d8E8eF31E21C99d1Db9A6444d3ADf1270,0x673F1943A4d58E4EB54F4f420e030eFaB9071c8B,18,10,500
0x089fFBdfdD862D19aF0C079F75C00ac39958B95b,3,0x0d500B1d8E8eF31E21C99d1Db9A6444d3ADf1270,0x5D066D022EDE10eFa2717eD3D79f22F949F8C175,18,18,10000
0xF46fB0d49e95bD1a814A0C5bE3055d9207112b85,3,0x3c499c542cEF5E3811e1192ce70d8cC03d5c3359,0x9A295B2B8922f7c7B33838DbC704A9F02575C61E,6,18,10000
0x8Ee4D3933E8ef8078166bA679FF827d6B1282C71,3,0x0d500B1d8E8eF31E21C99d1Db9A6444d3ADf1270,0x7541CF77Fa09602fa6F6c102b65F807c9f9E0CE8,18,18,10000
0x8631F9761bfB680Fc8707443305551f8874817bC,3,0x0d500B1d8E8eF31E21C99d1Db9A6444d3ADf1270,0xa0DB22fF7f8c8a1cce6F48d44bF748CDb951Eef8,18,9,3000
0x3142a9d05c02c4FaF3BD3C41c88302EE779090d7,3,0x0d500B1d8E8eF31E21C99d1Db9A6444d3ADf1270,0xE4B4e6fB509b216Cdf3CD437aA4B85C294a0BF54,18,18,3000
0xe5bc35e3E0F5543F58c4176b89159fEA55503314,3,0x7583FEDDbceFA813dc18259940F76a02710A8905,0x7ceB23fD6bC0adD59E62ac25578270cFf1b9f619,18,18,10000
0x22Ae8D2141847FfBB67dE22977f3114e626B1764,3,0x2595CB24520dea9b98053B9855F2Eb7881527B02,0xc2132D05D31c914a87C6611C10748AEb04B58e8F,18,6,500
0x719dAD848E44F122007C49b60f1cFC6ec7BBc778,3,0x2595CB24520dea9b98053B9855F2Eb7881527B02,0x2791Bca1f2de4661ED88A30C99A7a9449Aa84174,18,6,500
0xCcAbFe70A32B1FdD0CB133F25A07478B6F54813B,3,0x2595CB24520dea9b98053B9855F2Eb7881527B02,0x8f3Cf7ad23Cd3CaDbD9735AFf958023239c6A063,18,18,500
0x0EacE774a2166bBdFd67BAc18c721817fDdaa272,3,0x2595CB24520dea9b98053B9855F2Eb7881527B02,0x7ceB23fD6bC0adD59E62ac25578270cFf1b9f619,18,18,500
0x5fdc00582fF20a4a9F8C05bB8F007A0608D0EbD7,3,0x104592a158490a9228070E0A8e5343B499e125D0,0x1BFD67037B42Cf73acF2047067bd4F2C47D9BfD6,18,8,10000
0x9f1513731113Ae59D30d175461c5c4470be8A204,3,0x0d500B1d8E8eF31E21C99d1Db9A6444d3ADf1270,0x601498dCCc13145c57B704845EaBc8E1c3457790,18,18,3000
0x52181FbFa7E6C154409800e165F3da16fC2ec681,3,0x0d500B1d8E8eF31E21C99d1Db9A6444d3ADf1270,0x8CE1562097624649Ff571E7f78B7Ae0D7EC25115,18,18,3000
0x0e02443FAeD1bf0de25f6d7Bd460828652BF21B8,3,0x61299774020dA444Af134c82fa83E3810b309991,0xBbba073C31bF03b8ACf7c28EF0738DeCF3695683,18,18,3000
0x978147EC6e85190f65281B178DA5ee06dA7d23FC,3,0x2595CB24520dea9b98053B9855F2Eb7881527B02,0xb33EaAd8d922B1083446DC23f610c2567fB5180f,18,18,500
0x0617b43c1E863f8be0B9d6A66B49871690320bB0,3,0x0d500B1d8E8eF31E21C99d1Db9A6444d3ADf1270,0x73E22D342816295c2Ab88f414CBC97413beD2D88,18,18,3000
0x0C42480260c715d7Df0BeB00f97b8A284a38F4F1,3,0xBbba073C31bF03b8ACf7c28EF0738DeCF3695683,0xC3C7d422809852031b44ab29EEC9F1EfF2A58756,18,18,3000
0xE2A95019DaC95E991a5d7642693D3Ba99ef42DAF,3,0x3c499c542cEF5E3811e1192ce70d8cC03d5c3359,0xdAb529f40E671A1D4bF91361c21bf9f0C9712ab7,6,18,100
0x331a8Fd507DADF8687F05Fff76e5152b87B0C109,3,0x9c2C5fd7b07E95EE044DDeba0E97a665F142394f,0xC3C7d422809852031b44ab29EEC9F1EfF2A58756,18,18,3000
0x50a80572A74de3d37E0Bb2E44F95E979b9501F96,3,0x3c499c542cEF5E3811e1192ce70d8cC03d5c3359,0x5C3E6447d97FE80A9818ef3FE14A2BF5Bb83e0B8,6,18,3000
0x7f7c4B007A4AB4310626c19DaFc64dC4b6bc754A,3,0x6D1B94027453C457e90C28E83154B02718bD48b2,0x7ceB23fD6bC0adD59E62ac25578270cFf1b9f619,18,18,10000
0xbE2e10b8892f8Ef3D7bFCc544AB8A7DAbb7ed025,3,0x4C3bF0a3DE9524aF68327d1D2558a3B70d17D42a,0xdAb529f40E671A1D4bF91361c21bf9f0C9712ab7,18,18,3000
0xB7D313E6Bb4a269F2F593F4dF8F9D5E8806961Dc,3,0x1a3acf6D19267E2d3e7f898f42803e90C9219062,0x3c499c542cEF5E3811e1192ce70d8cC03d5c3359,18,6,3000
0x07543e5C83fDDEF3f26E1514ac8e7d18a42EFDc3,3,0x0d500B1d8E8eF31E21C99d1Db9A6444d3ADf1270,0x4b8b95e037B4210a9026Cf1F81B813D48c28a16b,18,18,10000
0x31C2063071A8D276812679c1a91AAE576fee92d3,3,0x0d500B1d8E8eF31E21C99d1Db9A6444d3ADf1270,0x14b7D086e642BfcC619Bb6cBFc51F1D8ebcdcED1,18,1,3000
0x29E58B8d12987E7915186510398c08b6A224B854,3,0x131409B31bF446737dD04353D43DACada544b6fA,0xfdcC3dd6671eaB0709A4C0f3F53De9a333d80798,6,18,100
0x98607309E7E7A6F791A1a669a63dCa879b19Ff95,3,0x23Ac304E24a6c0FFBaB0d8b99f38c0b1FC3A724E,0x97AD37c588BfE8ddBDFc907222da247b608627f6,18,18,100
0x0af9b1DF41c75A8A32f4d6584c35785bC1251636,3,0x826B5Ca9277A57bc8bd71c6219E5b61d0862288f,0xc2132D05D31c914a87C6611C10748AEb04B58e8F,18,6,3000
0x5EBaa91308142e14a44ef9579AF25aDAce0ac856,3,0x0d500B1d8E8eF31E21C99d1Db9A6444d3ADf1270,0xe8Bd2b32f6954Eda1D7fb58Cc3B82D4cace64Aea,18,18,500
0x7a908e90dce554Efd772A980a32A277eb21F0d77,3,0x093e1DD1336C38e21f3307eFAfE2A57cf1c4ea91,0x23Ac304E24a6c0FFBaB0d8b99f38c0b1FC3A724E,18,18,100
0xEc56611E4eCB1d84F4Fd73691713250E2b314aA4,3,0x0d500B1d8E8eF31E21C99d1Db9A6444d3ADf1270,0x165171870e427A17E912ab627a2c7Db94837B2AA,18,18,3000
0xaBA02bE117E52471D080814583D521652824785d,3,0x0d500B1d8E8eF31E21C99d1Db9A6444d3ADf1270,0x1eC2bd996318124C7358D7A760c1eE7b1bc8fA5b,18,18,3000
0x6600DC1054461703751c567Cc84186F926A9a7D7,3,0x09b1A7a7169eefA889c94c1cFdB37D34d4eBb0b1,0x23Ac304E24a6c0FFBaB0d8b99f38c0b1FC3A724E,18,18,100
0x5576914D90B6551541d353F0826cdC0125929881,3,0x0d500B1d8E8eF31E21C99d1Db9A6444d3ADf1270,0x81F81C7b7023969479046Ed9808B84987CaE05E8,18,9,3000
0x98D494d3E5Bb43A27Fd0219dA0F45b5C7919E9EC,3,0x0d500B1d8E8eF31E21C99d1Db9A6444d3ADf1270,0xBB83c8A9cD662210807Bc4f810AFCE3D2B04AfE3,18,18,100
0x2BeC078efCDe718e3a381944fa8006D4D2FFF012,3,0x0d500B1d8E8eF31E21C99d1Db9A6444d3ADf1270,0x9e1369EB6d07076B48123ea18BCAb9E16c1896C2,18,18,100
0xDC3d8dE0a0909EC93463e0142Ad37b8D42Db2C59,3,0x4A388CB0B0A0e0301e34ce8ED00a873023e3Bbd5,0xc2132D05D31c914a87C6611C10748AEb04B58e8F,8,6,10000
0xAc26Ccf272Cf20fA52fa0DEFF8997EA859273078,3,0x0d500B1d8E8eF31E21C99d1Db9A6444d3ADf1270,0xdc574fEf65Fef0f8F42460aAE930D3be7E76875e,18,6,3000
0x4246668Ba1d7B7Cbf8968066F4D76F8F44EF59DF,3,0x0d500B1d8E8eF31E21C99d1Db9A6444d3ADf1270,0xc6608b41dC97f3c7B4A906974A4116AF96a4A119,18,18,10000
0x158949ad43315934b71A937355e49171aB489e3F,3,0x0d500B1d8E8eF31E21C99d1Db9A6444d3ADf1270,0x7C79d55A6Be821e61063d5A7a878930D63DE5434,18,18,10000
0x0D173f28F1CAE88C210638f3370Adc55BAc380f8,3,0x3c499c542cEF5E3811e1192ce70d8cC03d5c3359,0x6ab4E20f36ca48B61ECd66c0450fDf665Fa130be,6,18,10000
0x443238663a276172Aee14E9b161137EF81cABA44,3,0xb1731E05F08A0827F3371DBc8CC2527b58196ba0,0xc2132D05D31c914a87C6611C10748AEb04B58e8F,18,6,3000
0xb1EC007c3ce1d3ccDe28A8cFA382D7C17Cafa0E4,3,0x7064562779dED96838243a6422A676095B790975,0xcf32822ff397Ef82425153a9dcb726E5fF61DCA7,18,18,3000
0x239A31fAa7e2D4C91918fB3C17350CFe9324d3E2,3,0xc2132D05D31c914a87C6611C10748AEb04B58e8F,0xeEc7f90224df80CAa20E1c98158ede080A7EC4E9,6,8,10000
0xbC09d126Ab7F1c44992715bFbcc9cB8b9b39c8e1,3,0x0d500B1d8E8eF31E21C99d1Db9A6444d3ADf1270,0x91AeA7E2209ACB80df7c980A94Edf87D8f466d47,18,18,100
0x7733Da826393AC3ADdfAC41a79d9796c0f669156,3,0x0d500B1d8E8eF31E21C99d1Db9A6444d3ADf1270,0xa80DD67d3853aE24D83B3A80144a7aF00E746231,18,4,3000
0xB8FF5f41f374F18f8CFda5289d9a369Ea52996e2,3,0x3c499c542cEF5E3811e1192ce70d8cC03d5c3359,0x8b53e516E92C7Ba9E4d988E36a2E3E4fD1ACe7D7,6,18,3000
0x7B4e34F7e9723eB80F126D81Acb743929Da04c8d,3,0x0d500B1d8E8eF31E21C99d1Db9A6444d3ADf1270,0x1e5E5BC0AbA37c2909426b6d5A94c4BE26D9Cc98,18,18,100
0x539664b571874F05eDC53BA0B718743D9b3Baa44,3,0x0d500B1d8E8eF31E21C99d1Db9A6444d3ADf1270,0x382586651f043cBdEc7bb586e367D77B26D7d149,18,6,10000
0x544077Ed6B7032749B748AA94a941Db226f01EeD,3,0x96F0a7167ab7ba6e59FfB68707C9d1B049524B0F,0xc2132D05D31c914a87C6611C10748AEb04B58e8F,18,6,10000
0xDf509bbAdEd2574ccfE89f9c2D9c220BB4a11348,3,0x1e5E5BC0AbA37c2909426b6d5A94c4BE26D9Cc98,0xc2132D05D31c914a87C6611C10748AEb04B58e8F,18,6,500
0xd4206871EFa895a18901B5a91ddDf4d017e9F369,3,0x302c5aa9385aAe34D7C52AF7e579ad1AE1fA6C10,0xb8578245E73C2f123f4055aE21f517d8458aEc38,18,18,3000
0xc5A5b07B8AB073304aa6AF2b29d2471c1aD2d186,3,0x15C13d32c2A52952505aAccAB0F221aDf7E0073A,0xc2132D05D31c914a87C6611C10748AEb04B58e8F,6,6,10000
0x7903546364eC346370A021D8Ecd31Ec29520ADec,3,0x1BFD67037B42Cf73acF2047067bd4F2C47D9BfD6,0x2595CB24520dea9b98053B9855F2Eb7881527B02,8,18,500
0x373B8AF5864ebE839bcE4B383BC62Bc2C227BB29,3,0x2595CB24520dea9b98053B9855F2Eb7881527B02,0x45c32fA6DF82ead1e2EF74d17b76547EDdFaFF89,18,18,500
0xB433683198dCb6E2FBf3c45ef2F91330811A9B61,3,0x03f61137BFb86be07394f0FD07a33984020F96D8,0x311434160D7537be358930def317AfB606C0D737,18,18,3000
0x1316E6E3a9A0B06A10c7BDB222159D5d7Df2fc8b,3,0x08AAA7A328864804c0e170B11Ff317FccAB4E6Cf,0x0d500B1d8E8eF31E21C99d1Db9A6444d3ADf1270,18,18,10000
0x54165bAE9da903e791ea3A80Cb55e5676531f9D2,3,0x2595CB24520dea9b98053B9855F2Eb7881527B02,0xFFA4D863C96e743A2e1513824EA006B8D0353C57,18,18,500
0x6A53Efec3Ed32f4636e6b4c9257D6825bEcd67eA,3,0x08AAA7A328864804c0e170B11Ff317FccAB4E6Cf,0x0d500B1d8E8eF31E21C99d1Db9A6444d3ADf1270,18,18,3000
0x0b36644030c2F4780343851886e404D784188e64,3,0x0d500B1d8E8eF31E21C99d1Db9A6444d3ADf1270,0xCce200bFfEd3C9E26a017B2A0c1a20e6185CF98b,18,18,10000
0x97541281c949F917f7f9De9374be5196FaF8F539,3,0x0d500B1d8E8eF31E21C99d1Db9A6444d3ADf1270,0x2F668bEa0Ec6437E35A4c2a34E83342311d1af10,18,18,10000
0xFB5A4801AF8dc01fc06f2Fcd91F394112e0fa4d6,3,0x41084fDc569099d9E527ccf126e12d9C7c688ec3,0x46E3869AbE8Eb6c777eabB6dCb3cE9F38e3Bfcc6,18,18,10000
0x2d75ab98da4113544B6eF531d5428AD4cDaacE45,3,0x801cBC6f1E309C507207b968b932cfd60cE4dD7B,0xA2B7844b38b5800A38d0769f9a5080d09662A30A,18,18,500
0x1F28f746633018cDb3d1a5826ffB27e187170f2D,3,0x7583FEDDbceFA813dc18259940F76a02710A8905,0x7ceB23fD6bC0adD59E62ac25578270cFf1b9f619,18,18,500
0x24fC1B523bc8A05D3b3B9F3fE388B19aE7582A97,3,0x0d500B1d8E8eF31E21C99d1Db9A6444d3ADf1270,0x299Bab314C037924b3E4a604A9fA75F412BE9eB8,18,4,100
0x919104FA7fAE956d9d63606CaEE75120CFA2Cf23,3,0x0d500B1d8E8eF31E21C99d1Db9A6444d3ADf1270,0xF4D984e112835F73f1D4655D1D97aB75993B3C55,18,8,3000
0x03Cac1224Cf749ddA15F6174B305a1D9e2f49463,3,0x2791Bca1f2de4661ED88A30C99A7a9449Aa84174,0x711CCE785731ecd2c0d442Cf0fB4a2B94838f784,6,12,3000
0x77F3474Cc718A62ED68583cf54Bcd36FB2af6352,3,0x0d500B1d8E8eF31E21C99d1Db9A6444d3ADf1270,0x1C1370E6c257F32BE901418D47e1Bc318b6645B6,18,18,500
0xD4d0C6D4C8583fA16B36B6bAe9554DF713d7B416,3,0x4d47b90FB03B5c35960eBCdcCFe30b1e48e36589,0xc2132D05D31c914a87C6611C10748AEb04B58e8F,18,6,10000
0x14B5568F83fc79eD282c35d836BaB96d7A61BD82,3,0x2791Bca1f2de4661ED88A30C99A7a9449Aa84174,0x711CCE785731ecd2c0d442Cf0fB4a2B94838f784,6,12,10000
0x2f8883A0446b31f009D1a8C004cd1289Fd80F20B,3,0x048017A596BF72Bc57f10F7404386a3af02b9B88,0x0d500B1d8E8eF31E21C99d1Db9A6444d3ADf1270,18,18,10000
0xd6778A83b1C19c7eA5EAbB0b73150CbDeb348Bb6,3,0x04733d6Ec495c7aFE4192aC716140f6A7BA7bcf8,0x3c499c542cEF5E3811e1192ce70d8cC03d5c3359,18,6,10000
0x24a747AC3D35d535b093e33E0EDc635FAdBDc115,3,0x0d500B1d8E8eF31E21C99d1Db9A6444d3ADf1270,0x1C1370E6c257F32BE901418D47e1Bc318b6645B6,18,18,3000
0x5D9f4Df140CEEe38e0eB8d14656Cdae35112E5d7,3,0x0d500B1d8E8eF31E21C99d1Db9A6444d3ADf1270,0x12Bc085e90ae90Ff64d21eB34D3fB5d4060493E3,18,6,3000
0x2Cbc1a65aded9beE5e8F63502A803Ee673686090,3,0x0d500B1d8E8eF31E21C99d1Db9A6444d3ADf1270,0x4EdB660457FC677C98e74355a1807263B409fb89,18,18,10000
0x4f9588FccfF6185D242a0112B0f0159631cadAA1,3,0x3B9E9100Db1389c518d47c635D80a90ad4C4f41b,0x3c499c542cEF5E3811e1192ce70d8cC03d5c3359,8,6,3000
0x23C350227448276A076A7ae737351726527F985d,3,0x0d500B1d8E8eF31E21C99d1Db9A6444d3ADf1270,0xA2B7844b38b5800A38d0769f9a5080d09662A30A,18,18,500
0x17e0666e86Ac5DdD478954e6A9751669f1Bb68D8,3,0x0d500B1d8E8eF31E21C99d1Db9A6444d3ADf1270,0xD6ba705DA1713F66925C46EbB9f6A9548c9E4213,18,18,500
0x5Bbe760661bcA2fFb326800Fb0a0ABD6fF0DAF84,3,0x0d500B1d8E8eF31E21C99d1Db9A6444d3ADf1270,0x82Cb0Ec6A31bC92e9483c08FdcBe2e6f3CC28100,18,18,500
0xB17704F1452C79C433aC104dc7DB67dD435B47c6,3,0x0d500B1d8E8eF31E21C99d1Db9A6444d3ADf1270,0xfd1379C5410820B3160D8F2fDA1753663C86063b,18,18,3000
0x82c5CC0c573c15aabeB35CC506535F079616fB94,3,0x0d500B1d8E8eF31E21C99d1Db9A6444d3ADf1270,0xD6ba705DA1713F66925C46EbB9f6A9548c9E4213,18,18,3000
0xe85582373244364F85378C9c8b6BBE9051cf8a13,3,0x0d500B1d8E8eF31E21C99d1Db9A6444d3ADf1270,0x17d8fDAEBc3AC0563ed13B08779db98561F830C1,18,18,500
0x3BED91d072b84aF4450915A111AA579bC4F77097,3,0x0d500B1d8E8eF31E21C99d1Db9A6444d3ADf1270,0x33bE9D99e7cb73FBd0d47A008D691b7b9eEb4Ca5,18,18,10000
0xFe9162307Fd6BD6C8b57FC7DeE7E78ed4fb9cA7B,3,0x0d500B1d8E8eF31E21C99d1Db9A6444d3ADf1270,0xe730341CB1129bb0a8e0011c31dAb74fae147E43,18,18,10000
0xb15b99f4e82304aC49918fEda3826e28EB71E3B0,3,0x0d500B1d8E8eF31E21C99d1Db9A6444d3ADf1270,0x17d8fDAEBc3AC0563ed13B08779db98561F830C1,18,18,100
0x4828b7E28AFba5eA2D33f480809DaAf307424b75,3,0x0d500B1d8E8eF31E21C99d1Db9A6444d3ADf1270,0xC1d1a08e229ff5baDD623CE93ec5b62DEB7A18BD,18,18,3000
0xA110cB447E387493aCdbe672d7d1EcF85e02A836,3,0x0d500B1d8E8eF31E21C99d1Db9A6444d3ADf1270,0xE6F2Ba465Ac7c8468D98c95E87744C80a8c8bd01,18,18,10000
0x900863f9382Cb15a50945108E60afC77b20faC17,3,0x23Ac304E24a6c0FFBaB0d8b99f38c0b1FC3A724E,0xCf3A1d88414a0B5215B4ff888E2312ceE3bE176e,18,18,500
0xEe761Fb71ed04A4cF56926d46aFdAF2763e9d4BE,3,0x0D6ae2a429df13e44A07Cd2969E085e4833f64A0,0x187Ae45f2D361CbCE37c6A8622119c91148F261b,18,18,10000
0x969521159e8Af878E6B69e2e0488894874cc5923,3,0x0d500B1d8E8eF31E21C99d1Db9A6444d3ADf1270,0x17d8fDAEBc3AC0563ed13B08779db98561F830C1,18,18,3000
0x6236E605FeEBE30f6DA55f0Ff2F19578D5C82A14,3,0x0d500B1d8E8eF31E21C99d1Db9A6444d3ADf1270,0xdF450A1c8991bd8AD5f337620Adb29D0743A8EAe,18,18,10000
0xEBE067c4603eA6C7065Cd8aAbF7cC1E3E5d94D3A,3,0x0d500B1d8E8eF31E21C99d1Db9A6444d3ADf1270,0x425CDB7a982dDEdCb044262E45ce317568aFdaB4,18,18,10000
0x3FD32361FC0818e22d43853480a54804154456f3,3,0x0d500B1d8E8eF31E21C99d1Db9A6444d3ADf1270,0x733d80Befa09a92CcE2D917A92EbD7529095F2A6,18,18,10000
0x778c31A38ffE1ce7A6f1CF34AB281e1646FccD88,3,0x0d500B1d8E8eF31E21C99d1Db9A6444d3ADf1270,0x83E3FaFA9CEa0Fbd4058b0bE10a923Ffd7283316,18,6,10000
0xdA188693321D61b932C8695D426ef4b5eb62603E,3,0x6ec7Bd5aa7A95cc8f90987305d8853ab4a128e84,0xF0694732b647e162D19AE44878dA64e18E6DaecD,18,6,3000
0x6F1904e8eA89b562cc0c3988Ca69B44EE844C33c,3,0x0d500B1d8E8eF31E21C99d1Db9A6444d3ADf1270,0x299Bab314C037924b3E4a604A9fA75F412BE9eB8,18,4,3000
0x3A710a0f2E25935d24dEC405C814b140B11f3b8f,3,0x0d500B1d8E8eF31E21C99d1Db9A6444d3ADf1270,0xA7f411882237A037BF6E799bB1eEEC959E2a3872,18,18,10000
0x51ba38e25185Dba7Fa0c84A63E9F4e1ab3B0ecd4,3,0xc2132D05D31c914a87C6611C10748AEb04B58e8F,0xDC3326e71D45186F113a2F448984CA0e8D201995,6,6,3000
0xCdC74139FD09cED8E17c56F37a0554ba0726805a,3,0xc2132D05D31c914a87C6611C10748AEb04B58e8F,0xDC3326e71D45186F113a2F448984CA0e8D201995,6,6,10000
0xB54fa0c19332F38b3A56e1E7A08599aCEb1cA858,3,0x0d500B1d8E8eF31E21C99d1Db9A6444d3ADf1270,0x987B1c07ABCE32B27A988b02a7893c1a5781E7B6,18,18,3000
0xB6802FD7B99339095a17448AdE94F3bFcE94a0A0,3,0x0d500B1d8E8eF31E21C99d1Db9A6444d3ADf1270,0x98021A41991D98D435188583f0A728A05BeBdb19,18,12,3000
0x79db19653a9f23132938860881EbFD72c07AD6F4,3,0x98021A41991D98D435188583f0A728A05BeBdb19,0xc2132D05D31c914a87C6611C10748AEb04B58e8F,12,6,3000
0x1F66Cd935Bb3E34fE8cFf5C5FDDcb7aC8E1BfF48,3,0x0d500B1d8E8eF31E21C99d1Db9A6444d3ADf1270,0xDb092D1D67568AF9d249ad74Fc3493f27DA75a76,18,18,3000
0x063d0A000626aBbe4B8a9120B6B7B885893642dB,3,0x373aa32A430a65103102F74A6986ACB8F51a7B08,0x7ceB23fD6bC0adD59E62ac25578270cFf1b9f619,18,18,10000
0xb0ca1023A19FBfA7003Ca8e17D37BD03C1F56763,3,0x3c499c542cEF5E3811e1192ce70d8cC03d5c3359,0x91f3B9366801C1fCa6184C3bD99d5Ab0C43A9033,6,18,10000
0x783C4827d4420Da36cF68fE8f85F277c092386b8,3,0x0d500B1d8E8eF31E21C99d1Db9A6444d3ADf1270,0x299Bab314C037924b3E4a604A9fA75F412BE9eB8,18,4,500
0x9A142029Eec3B3ed38f21E1dE8aE561EF7f24221,3,0x0d500B1d8E8eF31E21C99d1Db9A6444d3ADf1270,0x91f3B9366801C1fCa6184C3bD99d5Ab0C43A9033,18,18,10000
0xF49904d0969eAF56EdF141791AbCf84FDe828B54,3,0x0d500B1d8E8eF31E21C99d1Db9A6444d3ADf1270,0x987B1c07ABCE32B27A988b02a7893c1a5781E7B6,18,18,100
0xB43be505A94D247f786fFae3F6A94d3cDAb37718,3,0x0d500B1d8E8eF31E21C99d1Db9A6444d3ADf1270,0xffb6f45d15A70A3C02af5abf924167b3748f140c,18,12,3000
0x8Ef8d0fB74CC1d2223A75BAAd1c8ec2bA99d4132,3,0x0d500B1d8E8eF31E21C99d1Db9A6444d3ADf1270,0x54d37Ea042E269aebbCB8a1193d17283E1351A7d,18,10,3000
0xa0d05C057478F3023a7c5c35d4709aBB0F1C3ECB,3,0x0d500B1d8E8eF31E21C99d1Db9A6444d3ADf1270,0x1AF6F01826D94885a6cad5aF149b17594B925b47,18,18,10000
0xe2BC2cB826b33ADD89D8CBe6252A21cb69dA43E9,3,0x1AF6F01826D94885a6cad5aF149b17594B925b47,0x4fDBE4bCC2BDB01A7112891102f8a694377a5A9B,18,18,10000
0x293b7102A2d79D499368eec974A7127d8346e36E,3,0x0d500B1d8E8eF31E21C99d1Db9A6444d3ADf1270,0x46D502Fac9aEA7c5bC7B13C8Ec9D02378C33D36F,18,18,10000
0x6630fa6440CaE8Cfd20FcabBe58A9C453d0eee9E,3,0x0d500B1d8E8eF31E21C99d1Db9A6444d3ADf1270,0xEa30164fe061E897792A0Eb36bE04c8129828F0B,18,18,3000
0xe4AE16cc696ABdeE9B4AC24B4ed3a3b9100f4D0d,3,0x7ceB23fD6bC0adD59E62ac25578270cFf1b9f619,0x98021A41991D98D435188583f0A728A05BeBdb19,18,12,3000
0x2A8D4198421bfaBDAAc4461aac166892cf6fe9c5,3,0x146BBab9066939B9828c05802f7A183Bf294D90b,0x78C655030f9F80EfF2b895Ec831B2774FaAD0533,18,18,10000
0x228Aa3121Cc2C7EF0cd720e26410C25DB57dF110,3,0x01d35cbC2070a3B76693Ce2b6364Eae24eb88591,0x7ceB23fD6bC0adD59E62ac25578270cFf1b9f619,18,18,3000
0xd7Bf8c41a2A647cad01440890c204C760601543E,3,0x0d500B1d8E8eF31E21C99d1Db9A6444d3ADf1270,0x4862A52A18aC3143Ea5d6E6177877F0Db2a17e95,18,18,10000
0xd4Cc7fA34dE41476E4fb900777eAF090E4d74Bc2,3,0x0d500B1d8E8eF31E21C99d1Db9A6444d3ADf1270,0x8902B655Fd3b9D1Dfe54e4B6A168998EECAf3CC4,18,18,10000
0xD2BA1F318087E6579d0AA5120F0130Bb3dCf0ad4,3,0x0d500B1d8E8eF31E21C99d1Db9A6444d3ADf1270,0x41084fDc569099d9E527ccf126e12d9C7c688ec3,18,18,10000
0x1cBEe3d76157704C56a52451B4C64D4206a84716,3,0x0d500B1d8E8eF31E21C99d1Db9A6444d3ADf1270,0x58A85d5911B4187cdd917079cd21785Ad0A2240B,18,18,10000
0x296BF8a875fD942019422f33dB8DD7c23372f8e6,3,0x0d500B1d8E8eF31E21C99d1Db9A6444d3ADf1270,0x2A07461a493b994C2a32f549Fd185524f306aB38,18,18,3000
0x7D87b3de1adE4427b800cc560c567EED3795F51A,3,0x7ceB23fD6bC0adD59E62ac25578270cFf1b9f619,0xbD1463F02f61676d53fd183C2B19282BFF93D099,18,18,10000
0x165b23dF1Db6BE79D3C97Ec56f25F645281d5649,3,0x0d500B1d8E8eF31E21C99d1Db9A6444d3ADf1270,0x9E64282cc9921Cd64556aA1A58cc3872729e4f40,18,18,10000
0x1384a94ed584ADe77D4340ae0bCf8c65518862ee,3,0x0d500B1d8E8eF31E21C99d1Db9A6444d3ADf1270,0x41084fDc569099d9E527ccf126e12d9C7c688ec3,18,18,3000
0x5b31012a780d9905D36B8f1399800F03D8ddDaA7,3,0x0d500B1d8E8eF31E21C99d1Db9A6444d3ADf1270,0xb99603692bfbAEf4F64dC073d269F5B317e50cd4,18,18,3000
0x510F59B85c9F0Aee0050983091b2bb99573Bc5a8,3,0x0d500B1d8E8eF31E21C99d1Db9A6444d3ADf1270,0x2d8486C29Fe93300fB7C544049463B7d33e48007,18,18,10000
0x280a2D07b2E1ED21408b9913911046881679a4a6,3,0x0d500B1d8E8eF31E21C99d1Db9A6444d3ADf1270,0x60D01EC2D5E98Ac51C8B4cF84DfCCE98D527c747,18,18,500
0x81E4455Fc05D7c30dDFaD04B1a457154fe28fb23,3,0x351ea87611E275a5f0e6e206f50534CeD232032D,0xc2132D05D31c914a87C6611C10748AEb04B58e8F,18,6,10000
0x27F44A96C84c0a3D056DDE71B8aFC6eDBA177968,3,0xc2132D05D31c914a87C6611C10748AEb04B58e8F,0xE5417Af564e4bFDA1c483642db72007871397896,6,18,100
0x0f53c79C432658838301335EAcD2A1fD36D3C402,3,0x3c499c542cEF5E3811e1192ce70d8cC03d5c3359,0xd2B4D6C6024436d52a656fC022E20ff25d617dF2,6,18,3000
0xeCe215F71eb3b5E15B3dF9bB18A880076881ea5e,3,0x0d500B1d8E8eF31E21C99d1Db9A6444d3ADf1270,0x79375C41d88F839f551457145066096C5C8944Bc,18,18,3000
0x70964EE0D22a9E9E81F0EC4830a15b6B288C6890,3,0x3c499c542cEF5E3811e1192ce70d8cC03d5c3359,0x6f8a06447Ff6FcF75d803135a7de15CE88C1d4ec,6,18,500
0x1EA95b3bE48aab5912580B18EaA5f174D5cb1fA9,3,0x0BEb47f0dDEB603E85DC8882d9bCFCfd327a6469,0x0d500B1d8E8eF31E21C99d1Db9A6444d3ADf1270,18,18,500
0xBCA8fC4EDC017334ca9dbeE06a90238dF26174F0,3,0x0d500B1d8E8eF31E21C99d1Db9A6444d3ADf1270,0x86461e279c2bDfef36767362D5944b01b1202755,18,9,100
0x88c4DAeFb03Ff83d0D7a76978467e5a97172101E,3,0x0d500B1d8E8eF31E21C99d1Db9A6444d3ADf1270,0x918eEFE2aEd86eB0ED3B31024B1fD7082095284C,18,9,500
0xed744e778706434d7a2Ad251617BCe25410873a7,3,0x0d500B1d8E8eF31E21C99d1Db9A6444d3ADf1270,0x323665443CEf804A3b5206103304BD4872EA4253,18,6,10000
0x5350b0EB3B5Def723Df84D3637F48f39C4b243Ca,3,0x0d500B1d8E8eF31E21C99d1Db9A6444d3ADf1270,0xB127742F96CBd9909b574d2E133b5391467dc775,18,18,500
0xE6e3B4f52cE6414D40A944d9465f18555d1D09F1,3,0x6CB60D2a805f4d775a8496AF5F1476FF613e4212,0xc2132D05D31c914a87C6611C10748AEb04B58e8F,18,6,3000
0xF650F671ac587AD180B97beFCe321C26fA7b2F32,3,0x0d500B1d8E8eF31E21C99d1Db9A6444d3ADf1270,0xCa368e298F775A17055430E4603c9B2A613c3fb2,18,9,100
0xd9E5f4af16F533b2b2c1210D7C02B8109F9b6Bdf,3,0x0d500B1d8E8eF31E21C99d1Db9A6444d3ADf1270,0xC8DAC94DbF04899f2f944dbB22de8914aA6B6454,18,18,3000
0x06664883C755d922656867Eda2A9e399714b89Ed,3,0x200C234721b5e549c3693CCc93cF191f90dC2aF9,0x311434160D7537be358930def317AfB606C0D737,18,18,10000
0xE0F06c259AEE5dCFcBF201E70121e17DD592CC46,3,0x00e5646f60AC6Fb446f621d146B6E1886f002905,0x1BFD67037B42Cf73acF2047067bd4F2C47D9BfD6,18,8,100
0x915965ef8DB07C95d392A6B1632C935Ef77C84d7,3,0x00e5646f60AC6Fb446f621d146B6E1886f002905,0x7ceB23fD6bC0adD59E62ac25578270cFf1b9f619,18,18,100
0x7770779597B8BAe1ed9307650D1E61f6b9c7F9c6,3,0x200C234721b5e549c3693CCc93cF191f90dC2aF9,0x311434160D7537be358930def317AfB606C0D737,18,18,500
0xe25210B50A7aB135dC3aAd1def9f6C15a4e656E0,3,0x27BdEa01543A09CE204bC1f11a9ACa9D96990563,0xc2132D05D31c914a87C6611C10748AEb04B58e8F,18,6,10000
0xe2862553a057e52738F9395737773c03C8FB4396,3,0x2791Bca1f2de4661ED88A30C99A7a9449Aa84174,0x9627a3d6872bE48410fCEce9b1dDD344Bf08c53e,6,2,10000
0xa9c023E4b950059e0BC4D3394E1F12736283aFCD,3,0x1BFD67037B42Cf73acF2047067bd4F2C47D9BfD6,0xc87e9b377A3C7278305313C350916D78e13fe320,8,18,500
0x1c3d82681b577b4187ae09Dcec30264315CA96FB,3,0x0d500B1d8E8eF31E21C99d1Db9A6444d3ADf1270,0x936de2DcC1acA06E9d7eE56DfE3b093aA20aEDE0,18,18,3000
0x2F195242283C513fA9dEB76C805840A4b529e753,3,0xd4C6075d81Bb27fE0F3Ef34fD0C844a706A83Af4,0xE6f019345977574A4d47b190d9A4F5A04c7A04C7,18,18,10000
0x2Bac85B901bDaE9A9c65D49470b2683fA9F6678c,3,0x0d500B1d8E8eF31E21C99d1Db9A6444d3ADf1270,0xc87e9b377A3C7278305313C350916D78e13fe320,18,18,500
0xb6d1e2e842f9E7498685fd4C53f3B83E29d47d5d,3,0x0d500B1d8E8eF31E21C99d1Db9A6444d3ADf1270,0x9B28f7fb9262653d471DBD865b31E32e370Fb934,18,18,10000
0xd4753bF3055224f687ccFEF5a7182acF1b28c4dd,3,0x0d500B1d8E8eF31E21C99d1Db9A6444d3ADf1270,0x40d9fc77027A281d85de1fa660C887E645AE26C3,18,2,10000
0x35a247421777e226d1ece73b5f5236435924A085,3,0x200C234721b5e549c3693CCc93cF191f90dC2aF9,0x311434160D7537be358930def317AfB606C0D737,18,18,3000
0x8b7e752E89C5FC09a612ffA6c8e6583670e789e6,3,0x0d500B1d8E8eF31E21C99d1Db9A6444d3ADf1270,0xf0575fBE6F5865131b1486e60678B9244221772C,18,18,10000
0xF903074866608C8783FbE635C36232bA0f8D3513,3,0x0d500B1d8E8eF31E21C99d1Db9A6444d3ADf1270,0x4598ECD2d3d5b74a0C3888C170ff231A316E1533,18,18,10000
0xb3841169deeB4CB6091E691F3eE3C72Bf329A7eF,3,0x0B220b82F3eA3B7F6d9A1D8ab58930C064A2b5Bf,0x3c499c542cEF5E3811e1192ce70d8cC03d5c3359,18,6,10000
0x5a0E114262ce69a373fb1dBC2129458651daf11A,3,0x50B728D8D964fd00C2d0AAD81718b71311feF68a,0xc2132D05D31c914a87C6611C10748AEb04B58e8F,18,6,500
0x6360E07D75efA35107e6A7619977463047f7B102,3,0x3d2bD0e15829AA5C362a4144FdF4A1112fa29B5c,0xc2132D05D31c914a87C6611C10748AEb04B58e8F,18,6,3000
0xE6CE4A7e25c4b79c5495a86532C0E1e7B69446DA,3,0x3c499c542cEF5E3811e1192ce70d8cC03d5c3359,0xd0258a3fD00f38aa8090dfee343f10A9D4d30D3F,6,18,10000
0xbf379AFD52b46DB539138f7B0e1BDb16d31e2A31,3,0x3c499c542cEF5E3811e1192ce70d8cC03d5c3359,0x9B3B0703D392321AD24338Ff1f846650437A43C9,6,18,10000
0x711Aa292cB6BD01d5aDA6859fbA5CD4084069796,3,0x2B9E7ccDF0F4e5B24757c1E1a80e311E34Cb10c7,0x3c499c542cEF5E3811e1192ce70d8cC03d5c3359,18,6,10000
0x8fa69CB765C5e50cb98f25194B2407F920b590A8,3,0x3c499c542cEF5E3811e1192ce70d8cC03d5c3359,0xdCb72AE4d5dc6Ae274461d57E65dB8D50d0a33AD,6,18,10000
0xf4254246F1D907732E7203842774e7eaE20C411a,3,0x692AC1e363ae34b6B489148152b12e2785a3d8d6,0xBB80d18C63b143d613614aa415Cdd5bF36A79898,18,18,10000
0x8adAabe18346946EB7776c947bD200bC1592F456,3,0x4B2eEaBD2909Fb48d6581C45B22d97c327bB41Df,0xc2132D05D31c914a87C6611C10748AEb04B58e8F,18,6,100
0x316D52A7c8610d190D9fe9e5fa9e95c2B2773619,3,0xc2132D05D31c914a87C6611C10748AEb04B58e8F,0xe77d4b091733C097800b34c5E38C2D454507225E,6,18,3000
0x8a0A81dA589ed4874567A7d5a45946aC4997C156,3,0x2e1AD108fF1D8C782fcBbB89AAd783aC49586756,0xD07aCb1E52677AF51C84426B49859491a9A81CcA,18,18,3000
0xcbac39989C6DB400a6D1c22bBE231c4871e1D394,3,0xc2132D05D31c914a87C6611C10748AEb04B58e8F,0xE3D4d77F2b9a61c7615D3f0289cb3AB3a9f5Bb65,6,18,10000
0x0919BA0bbf5638445970Db08aE12C1e9175ffc9B,3,0x0d500B1d8E8eF31E21C99d1Db9A6444d3ADf1270,0x1bf48683BE824F40F6b4d5a3DA38F66E0f6faf22,18,18,10000
0x4794879DaCC93074c94997188b79b8cDC1243704,3,0x1a855e7DdbAe9E14A2014e15419C532f36D99D96,0x3c499c542cEF5E3811e1192ce70d8cC03d5c3359,18,6,10000
0x5a12Efb4d9d98A89702548A80ff41051c5810DA6,3,0x0d500B1d8E8eF31E21C99d1Db9A6444d3ADf1270,0xEFeE2de82343BE622Dcb4E545f75a3b9f50c272D,18,18,10000
0xA7e4e7D9bdD5706a0a167adc25EFa174543EF047,3,0xaB90cce864b7a9E885B937cFD4d9287e53CAB139,0xc2132D05D31c914a87C6611C10748AEb04B58e8F,18,6,10000
0xB9f9bE6d56d989F4e8ABA0A104D5E36e00F6A014,3,0x0d500B1d8E8eF31E21C99d1Db9A6444d3ADf1270,0x7CC94219d3b9b330761355d1dDA01Bc7768c7D36,18,18,3000
0x5f833db7ad340B9328b20077b58453403AbC6757,3,0xc9BAA8cfdDe8E328787E29b4B078abf2DaDc2055,0xE3D4d77F2b9a61c7615D3f0289cb3AB3a9f5Bb65,18,18,10000
0x5F3BAEdE6F89411ba4839F4Aa40F346F3783F7C2,3,0x0d500B1d8E8eF31E21C99d1Db9A6444d3ADf1270,0x1F9520e181352314fD333F7B1f2B4AAbf88c6807,18,18,3000
0x6a95bC9A8728f1d2a4ecB7893e7C9fDaA457b665,3,0x8f3Cf7ad23Cd3CaDbD9735AFf958023239c6A063,0xDbb1570C93ffdBF357736f25a2a946f5A439adC7,18,18,10000
0x08B6674e745C6f1f56B95A59EB3714BEeE76fE28,3,0x0d500B1d8E8eF31E21C99d1Db9A6444d3ADf1270,0x559Ca20Eae18d7FA0864A21Bfc975e0A5DbF1585,18,18,10000
0xFA14869b157aD8c39eb21B1EF512DcfC7EF76DDD,3,0x0d500B1d8E8eF31E21C99d1Db9A6444d3ADf1270,0x80128bC6D138071A65080C6Ee4E0930d8017FE47,18,18,500
0xc2A161F517646C0Db835C6253D5392C0ec5ff6C4,3,0x1F9520e181352314fD333F7B1f2B4AAbf88c6807,0xc2132D05D31c914a87C6611C10748AEb04B58e8F,18,6,3000
0xD8B7c34d81792143cF70D59DC6432FA2C4f69b21,3,0x3c499c542cEF5E3811e1192ce70d8cC03d5c3359,0x43C73b90E0C2A355784dCf0Da12f477729b31e77,6,18,10000
0x351D5A56935b5Cbe15C7A5293431302ab65b5B83,3,0x2A07461a493b994C2a32f549Fd185524f306aB38,0xc2132D05D31c914a87C6611C10748AEb04B58e8F,18,6,500
0xab0ed0bDAAd077FAe3aF25d6E11db066F6621418,3,0x0d500B1d8E8eF31E21C99d1Db9A6444d3ADf1270,0x37FdFd90EaD06DfcAa5d5989E20B525EFd5cE097,18,18,500
0x07189ED659F247A6dE128933800392a78B9d283F,3,0x14Cd9eAD6b24a924Ef7B5EC46Ec116ACfD0721a2,0x302c5aa9385aAe34D7C52AF7e579ad1AE1fA6C10,18,18,3000
0xCc70FD375ACB85c0a7cbbc651547dd04aabAcF3d,3,0xc2132D05D31c914a87C6611C10748AEb04B58e8F,0xD37Eb02D1e8b3C1f3cbc2182d56ACe027d52CcD7,6,18,3000
0x6Fa009f5d8391B604759547d566390CF9170f8e3,3,0x0d500B1d8E8eF31E21C99d1Db9A6444d3ADf1270,0x37CfC16ec10050a8836Cc4d1F9635DC14a605cD1,18,18,500
0x5FA0298b00e1C4aE0898a9DFDf9A78b57921d093,3,0x302c5aa9385aAe34D7C52AF7e579ad1AE1fA6C10,0xF4c87100FC106c0D20A7f4b2360976CaDc172627,18,18,3000
0x5Fc87d144fEAC3c6123f8e5989b188F6a3d4E239,3,0x302c5aa9385aAe34D7C52AF7e579ad1AE1fA6C10,0xC95a50C186fd7fB90FA292Fb0f3050D58e5bdc27,18,18,3000
0x4d300B6e6d65a7B9b9eE16f390C174891A264E6f,3,0xa40968284D32AE0a15b3491EbcC57309B100119b,0xD926D4B013A9A3E7557bcAdbbAbbc9b5e5f3f193,6,18,3000
0xE7D8a2679873Df398437ed013fFefE7Bd91539CE,3,0x0d500B1d8E8eF31E21C99d1Db9A6444d3ADf1270,0xCDEbad6dDBB0934c58f5F6691F2f5723729D861f,18,18,10000
0x223421E59573ab35e83D7960A455C300d3ADD48C,3,0x0d500B1d8E8eF31E21C99d1Db9A6444d3ADf1270,0xCDEbad6dDBB0934c58f5F6691F2f5723729D861f,18,18,500
0x084E6998c88C872be89FE3B2418f9b19B6C66c4f,3,0x302c5aa9385aAe34D7C52AF7e579ad1AE1fA6C10,0xE2820744dEDe441AE69d0cd7A0EbC0b9f52Dd6F1,18,18,3000
0xCf645F3eB09B74Fdf0dd8B94Ac39b50f3f20A6e6,3,0x0d500B1d8E8eF31E21C99d1Db9A6444d3ADf1270,0xCDEbad6dDBB0934c58f5F6691F2f5723729D861f,18,18,100
0xAa987EfCDF29098377Ac286612C7910312ef7E38,3,0x0d500B1d8E8eF31E21C99d1Db9A6444d3ADf1270,0xa70804f7092753E7bBdc009eF8a60f52b3d6d26e,18,18,3000
0x7d47148786612b2f98792a5Df86d1A20bad49280,3,0x0d500B1d8E8eF31E21C99d1Db9A6444d3ADf1270,0xf4C81c2855826a4775362d50F55fB865e196981D,18,18,3000
0x5Af622aBce14E8438f665DDc99C6135E933B8E4E,3,0x7ceB23fD6bC0adD59E62ac25578270cFf1b9f619,0x8a16D4bF8A0a716017e8D2262c4aC32927797a2F,18,18,3000
0xb89DaEC63973eEA96bB69979db772B028F0E5d1E,3,0x0d500B1d8E8eF31E21C99d1Db9A6444d3ADf1270,0x8a16D4bF8A0a716017e8D2262c4aC32927797a2F,18,18,3000
0x7B41801B47f8279C3A9fAe6Aa61E8aE141D90608,3,0x3c499c542cEF5E3811e1192ce70d8cC03d5c3359,0x8a16D4bF8A0a716017e8D2262c4aC32927797a2F,6,18,3000
0xa18D1319b944a79d4bCC9F1D0B5D57dbB89521D0,3,0x1BFD67037B42Cf73acF2047067bd4F2C47D9BfD6,0x8a16D4bF8A0a716017e8D2262c4aC32927797a2F,8,18,3000
0x00cF10Cc43E067201c709b656Ba1f98BD15B64EC,3,0x0d500B1d8E8eF31E21C99d1Db9A6444d3ADf1270,0x51b63B6F521823610032c3E60F09aB2808202Bba,18,18,10000
0x3F20FA9321174f2CCDB79CBb8090CF1B229a530A,3,0x0a1Fb5f090e6E40286E636620263156fBDCC605E,0x302c5aa9385aAe34D7C52AF7e579ad1AE1fA6C10,18,18,3000
0xc89070bAc543806d9c1B4b2f67D7832FF1184Ec5,3,0xA590C980050d934c046920f8a9e0d9567536eDce,0xc2132D05D31c914a87C6611C10748AEb04B58e8F,18,6,500
0xaC9dFa8BD3A65c2A3affb55F461b8599985B68D2,3,0x0d500B1d8E8eF31E21C99d1Db9A6444d3ADf1270,0x2D4818A090e869c3b68d5BF803ba637926Ff4E2D,18,18,10000
0xC767A21A0BD72E3c722D6Aa783EE908866135de2,3,0x2D4818A090e869c3b68d5BF803ba637926Ff4E2D,0x882FF80169f3E5C787f668e35C92116EE14309fF,18,18,10000
0x9b5E7B8Bd7Ef8a93c5D8bDf4253d4B1B328B4fD6,3,0x302c5aa9385aAe34D7C52AF7e579ad1AE1fA6C10,0xF22A9481248435E1346453D7c3a08101D71B6640,18,18,3000
0x8269AF030fCf6A45Ca5e35Cb0003a05FF08Ec9bA,3,0x302c5aa9385aAe34D7C52AF7e579ad1AE1fA6C10,0x8Ce4D54ceC1666f144ac387e9098D9E453D7b7b0,18,18,3000
0xD8809033251C122525c9CfF1f45A76C8Cd14779F,3,0x302c5aa9385aAe34D7C52AF7e579ad1AE1fA6C10,0x665CD2f2aED416774C19AFeEBa590e867C3087D8,18,18,3000
0x3558B5005A08a568Ab4fC14767D9D2E6fE70595f,3,0x0d500B1d8E8eF31E21C99d1Db9A6444d3ADf1270,0xF9B2Ebdfa24688f0Dfb12cc55782e635f91E64a2,18,18,3000
0x3AFe608990d66580dF1025BA36654eA76f3a2483,3,0x06970D397b4e0837EFbb732d5d5e58d391c0D4C9,0x0d500B1d8E8eF31E21C99d1Db9A6444d3ADf1270,18,18,100
0xe5E55A797D44b9D7FDBaCEd827d6Cf2F1e3c0F4C,3,0x0d500B1d8E8eF31E21C99d1Db9A6444d3ADf1270,0x299Bab314C037924b3E4a604A9fA75F412BE9eB8,18,4,10000
0xDBC5E18499a624DA348E819755b35A2fEC3545b9,3,0x0D4c7df9CE90055426bA116EEA76E6aE9e9e0956,0x4Bd400458Df46E23ed17F5826113569f17840CA3,18,6,3000
0x070892D027eC661E2B19984aDd5B6E2EdbA2d9b1,3,0x0d500B1d8E8eF31E21C99d1Db9A6444d3ADf1270,0xaDBf3C6D34F8ffdBF0f6A00503eCA79dABaef986,18,9,100
0xBBE407Ddad71f2018449A862EeD30620B735DcD7,3,0x06970D397b4e0837EFbb732d5d5e58d391c0D4C9,0x0d500B1d8E8eF31E21C99d1Db9A6444d3ADf1270,18,18,500
0x555A6453aA15FD839E1ae73774e003baD622e1D9,3,0x8A953CfE442c5E8855cc6c61b1293FA648BAE472,0xB355f4F4CC84a9429a59d5c2B98d77016f7EC482,18,18,10000
0x9bC1f0B584C2ee8B6D2296875a680Be5e7A00fa4,3,0x9f3530fFc0D7149B92aE4f40268739bFad45A45F,0xF063796A9DA7341f038A50187B75651f38ba582c,18,18,500
0x99160079c02D5a3b2197F2A459CC4e307C9AA505,3,0xc2132D05D31c914a87C6611C10748AEb04B58e8F,0xe1C5CD1eFEa20Acf59B089ae2610D535f8eC589a,6,18,3000
0x789eA2249166B62CB5a9ccef3D0f408B1b641F34,3,0x28888534018Dd08414A849B7145A14050393861A,0x9f3530fFc0D7149B92aE4f40268739bFad45A45F,18,18,500
0x6C41C2ccAD8F09B153DC7943660476d625a897B1,3,0x0d500B1d8E8eF31E21C99d1Db9A6444d3ADf1270,0x9C2A9e273C80223122aD96D0F04EfD85bdA7882e,18,0,3000
0xb64F05FE8BaAa83972f561582629643f17F92aBF,3,0x0d500B1d8E8eF31E21C99d1Db9A6444d3ADf1270,0x58d70EF99a1d22E1a8F8f0e8F27C1bAbCf8464F3,18,18,10000
0x1D16a100905E5836c4c08a021fA74c3C57EaAeD0,3,0x0d500B1d8E8eF31E21C99d1Db9A6444d3ADf1270,0x870b222929A66C7bbac6Ec8c6729bc1F988c1e06,18,18,10000
0xDB233D87838c6e62212bdebfe165788FfeA869de,3,0x0d500B1d8E8eF31E21C99d1Db9A6444d3ADf1270,0xfA60Ca14FEFd89759f9c585D9751c9455e134f28,18,18,3000
0x2D9E601281E5376Bd75Fd92cbF443A328459Ecc9,3,0x0d500B1d8E8eF31E21C99d1Db9A6444d3ADf1270,0x96F0a7167ab7ba6e59FfB68707C9d1B049524B0F,18,18,10000
0x2dAd034fFDE2b6fAe97851A0d6d1fBbb41c84040,3,0x9627a3d6872bE48410fCEce9b1dDD344Bf08c53e,0xc2132D05D31c914a87C6611C10748AEb04B58e8F,2,6,10000
0xBc3d49f8F586C867ACE6DA592205Fe7640271149,3,0x1C181DC5ea9b413cB7c7762FF24d28852104F354,0x2ca91a1f1580CC49ac2A56A825AC2be988b13de8,6,6,500
0x4843fc2902F1Ec996b2212668e5122A06605aA72,3,0x1386617A1Bb2A6AA712AB3616bCAF1211152D1e8,0x51f005D61426e537e6afeE52F9b1aB0E63046d60,18,2,10000
0x248e13D69A122bFEFC9DdA9c6F7BBA60355b9DdC,3,0x41a1ef3d81D091465F22E8ED2a7e06d59A8532B7,0xc2132D05D31c914a87C6611C10748AEb04B58e8F,18,6,10000
0x7BFbDa453157c70616ab4021E054c192C3AfaDfA,3,0x34C1b299A74588D6Abdc1b85A53345A48428a521,0x3c499c542cEF5E3811e1192ce70d8cC03d5c3359,18,6,10000
0xB30860F6f4Fdc1E232d69e8d0D56D7537746e38a,3,0x553d3D295e0f695B9228246232eDF400ed3560B5,0xCeD76De22945c732B105720BBE0bA312b92c2814,18,18,100
0x65cC5cbbAf6a3AF7552f913E012420FbE9da4A58,3,0x2791Bca1f2de4661ED88A30C99A7a9449Aa84174,0x40d9fc77027A281d85de1fa660C887E645AE26C3,6,2,10000
0xe99c9e325E5Cab707851dA823E8D7EE2525f38Be,3,0x1379E8886A944d2D9d440b3d88DF536Aea08d9F3,0x3c499c542cEF5E3811e1192ce70d8cC03d5c3359,18,6,10000
0xD9C2bD6016049c1A86f711E2a8e4E948Fb0Ba534,3,0x3562Ddf1f5Ce2c02Ef109E9d5A72e2FDB702711D,0x3c499c542cEF5E3811e1192ce70d8cC03d5c3359,8,6,10000
0x878B0b78881f3205F5975B97a8cd2Cb501AFd137,3,0x1BFD67037B42Cf73acF2047067bd4F2C47D9BfD6,0x281E38a1fc3E581Fce8E01332c34A06E6F6E3436,8,18,100
0xBF17007356897C2e7E74d3d5d834bcEda6a051b8,3,0x281E38a1fc3E581Fce8E01332c34A06E6F6E3436,0x7ceB23fD6bC0adD59E62ac25578270cFf1b9f619,18,18,500
0x5e1606e1D69170b59bE14C105F728A111bae96Ea,3,0x53E0bca35eC356BD5ddDFebbD1Fc0fD03FaBad39,0x8a16D4bF8A0a716017e8D2262c4aC32927797a2F,18,18,3000
0xb85101e6AaB4559A0C56617dF71F4e549d237247,3,0x61299774020dA444Af134c82fa83E3810b309991,0x8a16D4bF8A0a716017e8D2262c4aC32927797a2F,18,18,3000
0x214b36Cc2Dc66424DA969FCa2494A356dfF6aF4E,3,0x311434160D7537be358930def317AfB606C0D737,0x8a16D4bF8A0a716017e8D2262c4aC32927797a2F,18,18,3000
0x7198d165341b433e535Bde1858A0D0E81d1CB9e1,3,0x0d500B1d8E8eF31E21C99d1Db9A6444d3ADf1270,0x7CC94219d3b9b330761355d1dDA01Bc7768c7D36,18,18,100
0x6023a9820867e00A9a067B205bB990BA9117A3C6,3,0x8a16D4bF8A0a716017e8D2262c4aC32927797a2F,0xc2132D05D31c914a87C6611C10748AEb04B58e8F,18,6,3000
0xE0C69cd8B82489912835BE920644015670b0ABa7,3,0x820FC697d8f21913A26D118C7CA0810176aC3c5b,0xc2132D05D31c914a87C6611C10748AEb04B58e8F,18,6,100
0xA9Aa293713dDc598428A8D42CF3D8fFE99D7D8D5,3,0x0d500B1d8E8eF31E21C99d1Db9A6444d3ADf1270,0x5869A2d47377B8c0bf09a2B0e911D8E1a3aD446E,18,18,3000
0xba1f633289113e2Cb49515018d6C9cA3E333287B,3,0x0d500B1d8E8eF31E21C99d1Db9A6444d3ADf1270,0x4C006Ea810bd127D9119102ed7056fac83EB62e4,18,18,500
0x2Ad34e6F5B02B6D580F2D70EABbAD9451D3deA68,3,0x0d500B1d8E8eF31E21C99d1Db9A6444d3ADf1270,0xE600E7eCB80e8ca58FC6230Df0105cFA150B1922,18,9,3000
0x42ADA9F9148E7Aee690DDbc3Fb7de0Cb517E6Cb8,3,0x0f09E11501B01b3e9DC77d96db752d1A2AC84b20,0x9B8cc6320F22325759B7D2CA5CD27347bB4eCD86,18,18,10000
0xa037Dff2c9EBD81FaA23F69fd5275aE972572BE1,3,0x0d500B1d8E8eF31E21C99d1Db9A6444d3ADf1270,0x162539172b53E9a93b7d98Fb6c41682De558a320,18,18,500
0xa39BbE9e07b95E7E5C7639901B04dDB34e47E6E7,3,0x0d500B1d8E8eF31E21C99d1Db9A6444d3ADf1270,0x267aF7A3ecE7d6ea127016a710c602a58d171586,18,18,10000
0xd74879c82241228faa4D9660756f2b9d97FdC3C5,3,0x0d500B1d8E8eF31E21C99d1Db9A6444d3ADf1270,0x7436009f16949ef7e2b63dCdE9659f12E4Ad9798,18,9,500
0x87EA5C4c2c30E9DdFd7d3c509B9AfD50be68E374,3,0x351ea87611E275a5f0e6e206f50534CeD232032D,0xDbb1570C93ffdBF357736f25a2a946f5A439adC7,18,18,10000
0xdE92c152EF19fE98fc9954779d8F17fcA038dEB7,3,0x0d500B1d8E8eF31E21C99d1Db9A6444d3ADf1270,0x1B2a2AC1b775A50A413a5576e37C23CC5740591E,18,18,100
0x6b3c4C1Db1cCD59376EbfC225C1f2FC5ff608dcc,3,0x0d500B1d8E8eF31E21C99d1Db9A6444d3ADf1270,0x5847c7bd22E30f46404d15A1a4467B9399a21C9B,18,18,3000
0x17B167eb01CA42AE0286b9D7eF40f07f5A16A969,3,0x1D58AF287BB4b4549635946430dF1e5b3A5dE035,0x56c4771Bacb7Ac4DB463c39A4Da298153808649B,18,18,3000
0xF1DB7b6818F69e2884E12Dd2f59DC2632039e755,3,0x56c4771Bacb7Ac4DB463c39A4Da298153808649B,0xc2132D05D31c914a87C6611C10748AEb04B58e8F,18,6,3000
0xB7109F2a1c977514D36c191dF97780bB87D52f51,3,0x11f98A36aCBD04cA3Aa3a149d402AFFbD5966fe7,0xcd13201C8847Fcd438a7Ba8C263d48A8DAcB5A84,16,18,10000
0x28e713002d67d88c4B91C4cE19d2e0E15660Fe47,3,0x0d500B1d8E8eF31E21C99d1Db9A6444d3ADf1270,0x5db2b9D5152B7d39ba1B042C00e6c5E9b6cCCdcB,18,12,10000
0x503Ff28Ad85Ea82D8F396DE9ab90FaE4085E79Ab,3,0x868E2fF3e79aD9c4748F623Be702974774335ef1,0xc2132D05D31c914a87C6611C10748AEb04B58e8F,18,6,10000
0xA86Fca9558e0062457E0bf1bf27Bf5854c9891a0,3,0x0d500B1d8E8eF31E21C99d1Db9A6444d3ADf1270,0x668afc31bD2f1EF6638F80401C6Aac2242Ff73C5,18,18,3000
0x16D219aEe3A6F3189c641ee62e52d6b3634b476E,3,0x3c499c542cEF5E3811e1192ce70d8cC03d5c3359,0xbFC95534BCf3ee5C28B5FFD944a8e4710029F0c9,6,18,3000
0x9FF858402480B8Ed915b65e26f87754fFcA6DFC0,3,0x3c499c542cEF5E3811e1192ce70d8cC03d5c3359,0xB8d5f5f236C24e09c7f55EEc313818742aC4cF79,6,18,3000
0x63B3215fEAC19ef271FC294f16aECAC8AaA04B80,3,0x0d500B1d8E8eF31E21C99d1Db9A6444d3ADf1270,0xE1b474c809d046711932328F73224634130CDf95,18,18,500
0xA16C597aeA519870c04B323aD587BeF47fb5a9E8,3,0x0d500B1d8E8eF31E21C99d1Db9A6444d3ADf1270,0x30883A1515aa2116086992c624dd1d62a1808D3b,18,18,100
0x9eE1D60dd2ca4C13ef50fe1F7F5dc340D17cFED5,3,0x0d500B1d8E8eF31E21C99d1Db9A6444d3ADf1270,0xCE490E89FcACED5202443A5d50DA7EFE378552B2,18,18,3000
0x83cf0e103D7999fae19Eda338eDeeE468c6c11CE,3,0x0d500B1d8E8eF31E21C99d1Db9A6444d3ADf1270,0x93Db7D0d786597f2CE8F35706F2f9c76A0c83299,18,6,10000
0x019D7ef4D874c3358632cEdaD304a154bC20A112,3,0xc2132D05D31c914a87C6611C10748AEb04B58e8F,0xC61876dA17db934ddF76045bFda11b61583A0Ac1,6,18,3000
0xaCA2a9eD2766a429A037b0b108B8A0dA6CDeD891,3,0x0d500B1d8E8eF31E21C99d1Db9A6444d3ADf1270,0x9Af8eBc836ee741b89827a5542A072cBAdba5cCA,18,18,500
0x05a09bED457E8FDD50f82fE2cA84F3ee05BE95aE,3,0x0d500B1d8E8eF31E21C99d1Db9A6444d3ADf1270,0x8328e6fceC9477C28298c9f02d740Dd87a1683e5,18,18,10000
0x77bb8C28465E77ADc0c513Fafc54Ce9E12CdaEA5,3,0x3663f6A20237a10FF1cAe5932aB2C0c2D0052eBD,0x3d2bD0e15829AA5C362a4144FdF4A1112fa29B5c,18,18,10000
0x0AbB83B7a07Ba9f58f6c9FC923eb59D722735324,3,0x0d500B1d8E8eF31E21C99d1Db9A6444d3ADf1270,0x971Fd654ff718281c2E594b1CDcB3D2362F67e1A,18,18,100
0x89Fd2be61Df917109414CB01cfE3e836c222880c,3,0x8f3Cf7ad23Cd3CaDbD9735AFf958023239c6A063,0x9A295B2B8922f7c7B33838DbC704A9F02575C61E,18,18,10000
0xC774486D33c536bD3BAa5aC9f9115010f87CCf0F,3,0xc2132D05D31c914a87C6611C10748AEb04B58e8F,0xfa68FB4628DFF1028CFEc22b4162FCcd0d45efb6,6,18,100
0xA5B16c1ea926394578229895aA1335423b09cf13,3,0x382586651f043cBdEc7bb586e367D77B26D7d149,0xe9bC9AD74CCa887Aff32ba09a121B1256fC9f052,6,18,100
0xb573dc318f805EF1A0558Be73d5b1EEa607081f2,3,0x3d2bD0e15829AA5C362a4144FdF4A1112fa29B5c,0x5ccf0a20bf25eD9D0E43F67A1bE1C057aFCCfac1,18,18,10000
0x5d81C369032177222ad472F00f32A59B8D55380c,3,0x1379E8886A944d2D9d440b3d88DF536Aea08d9F3,0x3c499c542cEF5E3811e1192ce70d8cC03d5c3359,18,6,3000
0x5CaA1023C52A5C78eE90e471AdA7bF510A7bd2A2,3,0x0B220b82F3eA3B7F6d9A1D8ab58930C064A2b5Bf,0x3c499c542cEF5E3811e1192ce70d8cC03d5c3359,18,6,3000
0x1CE2849310a0A5D274915c68E6b743d18e7C02Bd,3,0xE64ceD357672e70fA5cE1fCAEc52c8F690528bcC,0xF5c068f28eBF91b22e52C2ecD230621879e914B8,18,18,100
0x762e64B12061bA23Dc63e4E24eA50bb0A747A5D4,3,0x90FE101390be717Feb98bB02882424D8c4Ed2756,0xCb2C5738978f6B24b0834fcf24A2c030494fdc26,6,18,100
0x8b04dE733df5472732e20B729761C299C9B5d595,3,0x0d500B1d8E8eF31E21C99d1Db9A6444d3ADf1270,0x63586Cfb9a409D738BE9AcB03c050f219c708EDf,18,18,500
0xaba6EAeaBca364E9BDEFcd121f96a1A92742b598,3,0xae4dd9e6Eb8DDb21521b81eCDB55648D72394827,0xc2132D05D31c914a87C6611C10748AEb04B58e8F,18,6,3000
0xd261D3606Cf8F2dB958148CCCCFc58Ad48309C1A,3,0x3c499c542cEF5E3811e1192ce70d8cC03d5c3359,0x65517425AC3Ce259A34400bB67cEB39ff3dDC0BD,6,18,10000
0xBCf26e5716F9511fb481a4b6582e78a5Fa85dc44,3,0x2791Bca1f2de4661ED88A30C99A7a9449Aa84174,0x5db2b9D5152B7d39ba1B042C00e6c5E9b6cCCdcB,6,12,10000
0x857222bb8BcbC0E1fDc1284cD05626a9AfC47Fcc,3,0x0d500B1d8E8eF31E21C99d1Db9A6444d3ADf1270,0xF52F89fBD2af87F8733c962BAF3d5f1d55bA85f1,18,18,10000
0x01776AC1aaDfa0861db7b77228453A8e5b37Af27,3,0xF544112415C1a275AA29aa268F193e5B9d15cc34,0xF5c068f28eBF91b22e52C2ecD230621879e914B8,18,18,100
0x73f913ff77Fb79Ab1FE7Eb409C163F144a1b305b,3,0x3c499c542cEF5E3811e1192ce70d8cC03d5c3359,0xdCb72AE4d5dc6Ae274461d57E65dB8D50d0a33AD,6,18,3000
0x5EEa0F38Ec87C4Be7CDee489d9F9fb8B14bfA70F,3,0x2B9E7ccDF0F4e5B24757c1E1a80e311E34Cb10c7,0x3c499c542cEF5E3811e1192ce70d8cC03d5c3359,18,6,3000
0xBACE6A8Ce96276B32BFDe3fC6c73e12D0bcf4104,3,0x3c499c542cEF5E3811e1192ce70d8cC03d5c3359,0x9B3B0703D392321AD24338Ff1f846650437A43C9,6,18,3000
0x70482872E5E12ACE083249f7e47e08E3A496947c,3,0x0792920fA6Ac463cC78D78DA80CdE9ed2a136c71,0xc2132D05D31c914a87C6611C10748AEb04B58e8F,9,6,100
0x8e2C2B080EbD06D903599D997B33844E37a0e34c,3,0x0d500B1d8E8eF31E21C99d1Db9A6444d3ADf1270,0x7f792db54B0e580Cdc755178443f0430Cf799aCa,18,9,10000
0xDAD1926a063b0FC3e23159B21b637a2F453626ED,3,0x4D7a91d49e2223EDbb7f996a44Ae64FB44ecDf26,0xc2132D05D31c914a87C6611C10748AEb04B58e8F,18,6,3000
0x9b75D04c36cf8eD8F5CfEd0d7E84Ff3d53318c52,3,0x3c499c542cEF5E3811e1192ce70d8cC03d5c3359,0xf9a2e49D5E58Ef54EBBB53c55239aCE32993dB52,6,18,10000
0x3fcDf00656B663a7F937bFe492690ae85E509875,3,0x610fc26523a6372804b092b14eCa1cBd0e01c168,0xc2132D05D31c914a87C6611C10748AEb04B58e8F,6,6,100
0xc2f0b4c87aFFf361CFf72295433a4e98BEE1939c,3,0x0d500B1d8E8eF31E21C99d1Db9A6444d3ADf1270,0xa80AdCB915d70FFeAc6A117fF2b41D61B708814d,18,5,500
0xBc6c8B47858Af7B48e286C9f75e5a5144035BAd8,3,0x95d02C0775fb0162A4aE20836154108FC55F8F04,0xc2132D05D31c914a87C6611C10748AEb04B58e8F,18,6,100
0xF8f21b85C3E1D28F11Ff2025758AB9015D9Be657,3,0x190Eb8a183D22a4bdf278c6791b152228857c033,0x3c499c542cEF5E3811e1192ce70d8cC03d5c3359,8,6,500
0x3A9D3be59db7bE7f6659557E01e9Eade14c57E2F,3,0x0d500B1d8E8eF31E21C99d1Db9A6444d3ADf1270,0x8CeCE820e9D7a2D7D583E830B8B040b81e5a7dA9,18,18,3000
0xEcD052cAecCE8048493c8374ebf543809B837F95,3,0x0d500B1d8E8eF31E21C99d1Db9A6444d3ADf1270,0x6acA77CF3BaB0C4E8210A09B57B07854a995289a,18,18,3000
0x9653cFB837b9Dc985a913fd708Eb885777f43B6F,3,0x0d500B1d8E8eF31E21C99d1Db9A6444d3ADf1270,0xd23A21Bc2A9eA767A84454580084bF71ad776073,18,18,10000
0xb94Eb6721BC79578f62F276C9D0927ffC0268c3E,3,0x0d500B1d8E8eF31E21C99d1Db9A6444d3ADf1270,0xAdcF0576141715525552963F4219F8262E74348e,18,18,10000
0x686B9beE862D424FA6E6298d148930d103BBeD42,3,0x0d500B1d8E8eF31E21C99d1Db9A6444d3ADf1270,0xD146aB94Ed413Ff6e905AAAc9985B4A43fD97777,18,18,500
0xb2Fb74A6722e9f66dFe703dc6EB4A80359Eb5Da4,3,0x0d500B1d8E8eF31E21C99d1Db9A6444d3ADf1270,0xE6f0523B9DD59ca6166ECecC3Ae7e7cedF77A731,18,18,3000
0x95B3058a3633b0C793afbf7f45C94F3D5c934B55,3,0x3c499c542cEF5E3811e1192ce70d8cC03d5c3359,0x6cEa21103cfc8bb2516Db3027c2Bc5B2A28e770E,6,18,10000
0x8C84c154837F02ca61A395bab37d7908c07C09fc,3,0x0d500B1d8E8eF31E21C99d1Db9A6444d3ADf1270,0x8CeCE820e9D7a2D7D583E830B8B040b81e5a7dA9,18,18,10000
0x68987dC281b2B9ebA668b07fb5f27bF944cd97a7,3,0xc2132D05D31c914a87C6611C10748AEb04B58e8F,0xC2aCC9AE0426A1bcaAD54b1FA34749093a703dD3,6,18,3000
0x9807223B466C5a52ed84c66CC6F8d8d8A0A2D0aE,3,0x0d500B1d8E8eF31E21C99d1Db9A6444d3ADf1270,0x6734F0351672651d63b448Cd0C249B8347e381C4,18,18,3000
0x575d840d6e41595Faa9156E0a026361eEF1ECa49,3,0x0d500B1d8E8eF31E21C99d1Db9A6444d3ADf1270,0x6cEa21103cfc8bb2516Db3027c2Bc5B2A28e770E,18,18,10000
0x9Cdc9C5E05110Ef3FEBE487E64dDa86990091e07,3,0x3c499c542cEF5E3811e1192ce70d8cC03d5c3359,0x89b42f4120cB03564Dc6D2DeD990EB21973D2cdB,6,18,3000
0x47dAbaCb9629E6CFa42316834d211f515B4852Bf,3,0x0d500B1d8E8eF31E21C99d1Db9A6444d3ADf1270,0x642cc905Eb92e18E3aB5740F624a8D21Ea310A24,18,18,500
0x39F7c14806bc432E67a504B14589fa592e6e56d2,3,0x0d500B1d8E8eF31E21C99d1Db9A6444d3ADf1270,0x89b42f4120cB03564Dc6D2DeD990EB21973D2cdB,18,18,3000
0x484975c04D0f7f43c99378FB022afDfeB60Dc8BB,3,0x0d500B1d8E8eF31E21C99d1Db9A6444d3ADf1270,0xB85D0754750EC6f9C319F40834d637B4f54bb7aC,18,18,3000
0xDb93C94D43b251a93EDADFDB3968bef4Bd0f00F5,3,0x0d500B1d8E8eF31E21C99d1Db9A6444d3ADf1270,0x8aecc9c9E17c05c69E1c939927Ed8889F6a4C656,18,18,3000
0x95DFEeb69637C38C37A4d1064d15cA8f4d1A5E34,3,0x2791Bca1f2de4661ED88A30C99A7a9449Aa84174,0x5D9597519951dD4c9Ed7d51db0695B279A6c39FF,6,10,500
0xf3e917d7bfcB257B0dC61a0d025a834635E17A9f,3,0x0d500B1d8E8eF31E21C99d1Db9A6444d3ADf1270,0x5551c9D27317101b58edCEe4d40ac7E2278F0048,18,18,10000
0xe2f0FD049A79D24E225BA4A0aCcCDc22ff761f7f,3,0x0d500B1d8E8eF31E21C99d1Db9A6444d3ADf1270,0x575608e1e10e694f2F1E050Ae199A97b608b9D62,18,18,500
0xa75664E377b1668B3FfacBe08D8a57837457736A,3,0x0d500B1d8E8eF31E21C99d1Db9A6444d3ADf1270,0xaa79314B254f0194F86b9F6d5265C4870af15ADC,18,18,10000
0x89D3A8e36D40B10EC4a76E6A14Eb426435b6aafF,3,0x5A8A3D774FE242f086A66dA5E7eE27a56FF08729,0xe0bCEEF36F3a6eFDd5EEBFACD591423f8549B9D5,18,18,100
0x133cdBc9fd911E4b4E01D71c2debF7aFE4c2840F,3,0x5A8A3D774FE242f086A66dA5E7eE27a56FF08729,0x8f3Cf7ad23Cd3CaDbD9735AFf958023239c6A063,18,18,100
0x90ab7A42C44ACddCCBB28155c597d740CB312058,3,0x2791Bca1f2de4661ED88A30C99A7a9449Aa84174,0x692AC1e363ae34b6B489148152b12e2785a3d8d6,6,18,10000
0x90192FB583bd1a32297115027795AC5Be8057a29,3,0x430EF9263E76DAE63c84292C3409D61c598E9682,0x5A8A3D774FE242f086A66dA5E7eE27a56FF08729,18,18,100
0x9b86dD3f8521408f5B796d5dfBbAeF31828782Ea,3,0x0d500B1d8E8eF31E21C99d1Db9A6444d3ADf1270,0x4f07A244e710e7E040323273cb1cD2cb02AED932,18,18,10000
0x9aCBC6A132e8688eC16236aD4c7662dbF9919B78,3,0x0d500B1d8E8eF31E21C99d1Db9A6444d3ADf1270,0x89b42f4120cB03564Dc6D2DeD990EB21973D2cdB,18,18,10000
0xB840B38758eDba9FdB4278C7fADB0D40F4CF4b77,3,0x0d500B1d8E8eF31E21C99d1Db9A6444d3ADf1270,0x2cf8921a34E85dc1fA74deE1e7d34BCb0c72698e,18,18,500
0x57841F379362b839E8FcCa7F4EB7403bA4B7e29D,3,0x6f8a06447Ff6FcF75d803135a7de15CE88C1d4ec,0xa80AdCB915d70FFeAc6A117fF2b41D61B708814d,18,5,10000
0xA0788B945C671547790d092842a744C0CcF386e8,3,0x0d500B1d8E8eF31E21C99d1Db9A6444d3ADf1270,0xDA6C16b4bEC412851A0Af71C79012e8fcF2AcC0F,18,18,500
0x3778B1E38C1bE6A584eC1ff51f9C768Bb2ff8450,3,0x0d0B8488222F7f83B23E365320a4021b12eAD608,0x7ceB23fD6bC0adD59E62ac25578270cFf1b9f619,18,18,10000
0xFeaff5a9c4E5bce68b5fA582e019299aA31d7BCc,3,0x0d500B1d8E8eF31E21C99d1Db9A6444d3ADf1270,0xa80AdCB915d70FFeAc6A117fF2b41D61B708814d,18,5,3000
0x323010f5BB1Fa556f5ee7a87D99B3b584917ceB4,3,0x0d500B1d8E8eF31E21C99d1Db9A6444d3ADf1270,0xA6e51922fCFe283B545d997F7E24b597440149a4,18,8,3000
0x7546E18aE9F09a2c4a0e8e449134571631516068,3,0x190Eb8a183D22a4bdf278c6791b152228857c033,0x282d8efCe846A88B159800bd4130ad77443Fa1A1,8,18,500
0x812eae1A961A4B0001753c0dE9926094c7a0254e,3,0x0d500B1d8E8eF31E21C99d1Db9A6444d3ADf1270,0x95d02C0775fb0162A4aE20836154108FC55F8F04,18,18,100
0xE37c9b6F22719aF421FddeAb2d9c54AB248a9e38,3,0x0d500B1d8E8eF31E21C99d1Db9A6444d3ADf1270,0x34d4ab47Bee066F361fA52d792e69AC7bD05ee23,18,18,10000
0x1eBB82142F24820Cf570167aBe113A2971bF19dA,3,0xa80AdCB915d70FFeAc6A117fF2b41D61B708814d,0xAdA58DF0F643D959C2A47c9D4d4c1a4deFe3F11C,5,8,3000
0x192Ee531E5823dCbba74d5Ee38F114fa543BD150,3,0x553d3D295e0f695B9228246232eDF400ed3560B5,0xCeD76De22945c732B105720BBE0bA312b92c2814,18,18,10000
0x4eB82d81F8379A7A2E10b2324e3D6B7b3d8eed4B,3,0x3c499c542cEF5E3811e1192ce70d8cC03d5c3359,0xa80AdCB915d70FFeAc6A117fF2b41D61B708814d,6,5,3000
0x5A59036466c8C0E4cc8a92E3eA3913e05A69c6B1,3,0x0d500B1d8E8eF31E21C99d1Db9A6444d3ADf1270,0x4CBeBBcBaF9F968f2516a7C460143598DF736DF1,18,18,500
0xe82D7dD315f07b6008bdB3C5BBCD5C46940d2a3D,3,0x6c4A43d136d695a80bAB48732dF1Be2571429b0c,0xa9f37D84c856fDa3812ad0519Dad44FA0a3Fe207,18,18,100
0x1bcD385ef7b56bf5359Ae00D9f6e2C96b4dAB24A,3,0x61816618a7Ee9C1f64795974767d3Cb9AD437F41,0xa9f37D84c856fDa3812ad0519Dad44FA0a3Fe207,18,18,100
0xe18E0BD4487749B57DDB94e94ab9cc6DdD122C52,3,0x0d500B1d8E8eF31E21C99d1Db9A6444d3ADf1270,0x9e014d56b282849baaDEDA3CFD8474C0E8E5930b,18,9,500
0x103B91D263e13a58F95d04d7a51DAA8da542A219,3,0x6e4E624106Cb12E168E6533F8ec7c82263358940,0xa80AdCB915d70FFeAc6A117fF2b41D61B708814d,6,5,10000
0x6d51D441fbF7aF43F9bE2Fa0580c1d262558bEb0,3,0x0d500B1d8E8eF31E21C99d1Db9A6444d3ADf1270,0x2cf8921a34E85dc1fA74deE1e7d34BCb0c72698e,18,18,10000
0x82b5A2166C10CB5AFA0ba19c6bE3E28d947C2890,3,0x61816618a7Ee9C1f64795974767d3Cb9AD437F41,0x6c4A43d136d695a80bAB48732dF1Be2571429b0c,18,18,100
0xa6a5255869A40D064b8A4BD692FCBA543781C5d6,3,0xc2132D05D31c914a87C6611C10748AEb04B58e8F,0xd2A093b802CDF63ff91AA25D2650fb765c2C17Ad,6,6,10000
0xF80b1ae8887909d94FA79DDfb812c59F57658272,3,0x0d500B1d8E8eF31E21C99d1Db9A6444d3ADf1270,0x8ae63bcA20E4BAE664Ad1341C2EC0D07d5565583,18,18,100
0x22C02710cBb1a9deE2461c3f7004a6248aACB5cc,3,0x0d500B1d8E8eF31E21C99d1Db9A6444d3ADf1270,0x3b64d9c811d0AcB97Ac2E610B31E0cBbca7cC51A,18,18,3000
0xAb2699f0E742495287a8C9de6f007c85a399fFC0,3,0x0d500B1d8E8eF31E21C99d1Db9A6444d3ADf1270,0x8ae63bcA20E4BAE664Ad1341C2EC0D07d5565583,18,18,10000
0x27127615CAf0C2f484Be77B253Ee032a1DCd1eb9,3,0x0d500B1d8E8eF31E21C99d1Db9A6444d3ADf1270,0x3e3FC80f3AfBE89fCe36edAf8857160300208633,18,18,100
0x59a978331aaa9CaC8b0933F6F112F7e3d378d32F,3,0xE64ceD357672e70fA5cE1fCAEc52c8F690528bcC,0xFeD16c746CB5BFeD009730f9E3e6A673006105c7,18,0,100
0x438Bd893c07c64570b8F655CC7904fe0121459B2,3,0xc2132D05D31c914a87C6611C10748AEb04B58e8F,0xd2A093b802CDF63ff91AA25D2650fb765c2C17Ad,6,6,100
0x4eA0862276cBA8D55CC31B808C52dc1409e49757,3,0x0d500B1d8E8eF31E21C99d1Db9A6444d3ADf1270,0x97D77A983fAA6c305AB022701D2966650aAc1186,18,18,500
0xa02EfbCDb36b0735D8C933AFDC088cbd2A91a013,3,0x0d500B1d8E8eF31E21C99d1Db9A6444d3ADf1270,0x8ae63bcA20E4BAE664Ad1341C2EC0D07d5565583,18,18,500
0xd364D358860A4C27FD705F4e788d3c5774640FB5,3,0x3c499c542cEF5E3811e1192ce70d8cC03d5c3359,0x765Af38A6e8FDcB1EFEF8a3dd2213EFD3090B00F,6,18,3000
0x51c9aca678aE710b1d55cACa584B23a76CB73ABC,3,0x2791Bca1f2de4661ED88A30C99A7a9449Aa84174,0x2F6F07CDcf3588944Bf4C42aC74ff24bF56e7590,6,18,500
0x3b2681e7275DA4Ed96E3130db118045Bb9BBFe9D,3,0x7d6979C5997d6206BF7D8E89933776EE4A41f718,0xc2132D05D31c914a87C6611C10748AEb04B58e8F,9,6,3000
0x8968Bc556bCF8A6DC607a783F0728612d1D60D56,3,0x0d500B1d8E8eF31E21C99d1Db9A6444d3ADf1270,0x49d99067c1A8C365028949be8ee5b6573ED8b5bB,18,18,500
0xC600fF8184A54141AEB38CfCBe797D2f32fe3fC9,3,0x9c2C5fd7b07E95EE044DDeba0E97a665F142394f,0xB7b31a6BC18e48888545CE79e83E06003bE70930,18,18,10000
0x5013c2E799903081df6D5aC04F286A2a42424851,3,0x3c499c542cEF5E3811e1192ce70d8cC03d5c3359,0x57fCbd6503C8BE3B1AbAD191Bc7799ef414A5b31,6,18,10000
0xfd599C6dB374DF07322AA8ed36092c92B1dffe4B,3,0x0527c9f0A48ddda0fC1d409d8AC84b32561c1c92,0x0d500B1d8E8eF31E21C99d1Db9A6444d3ADf1270,8,18,10000
0xfF9156f9475683FA6F4E84396135f41ea2d88831,3,0x0d500B1d8E8eF31E21C99d1Db9A6444d3ADf1270,0x3d384884b56e5313A571E53Aa94eeA7f7e417c8C,18,18,500
0x6977F40B0F3AF3f46180F3d5C7861347D4F0B9a4,3,0x0d500B1d8E8eF31E21C99d1Db9A6444d3ADf1270,0x631dDF74777A6b35B9f6004bB6DaA61c51B988C7,18,9,500
0xF32E5B40ACCf20e596c71d3A4108f0c4d30d7607,3,0x0d500B1d8E8eF31E21C99d1Db9A6444d3ADf1270,0x912E5De55B1Ee1543Bd5c2Ca7E3530b0736Cd261,18,18,10000
0xFFF176806E7e446b9411A809D567483912C1734A,3,0x79774Bf5867ac4e014A48B471CBd94A01cc9a4D2,0xeEeEEb57642040bE42185f49C52F7E9B38f8eeeE,18,18,3000
0x1d21d8cA83C9881d5411Fb77303C4A1C92f81dd2,3,0x0d500B1d8E8eF31E21C99d1Db9A6444d3ADf1270,0x27A9f247962001a72B8E346fCE3147672F981136,18,18,500
0xFf8248F9c3dA69560225F4dF159dCD00bab50399,3,0x0d500B1d8E8eF31E21C99d1Db9A6444d3ADf1270,0xE2Aa7db6dA1dAE97C5f5C6914d285fBfCC32A128,18,18,100
0x7793d232404c22EaE14107e85530Fb282E31358e,3,0x0230C7dA961D164ed8dDc5775E0fCeEBa4599CCD,0x3c499c542cEF5E3811e1192ce70d8cC03d5c3359,2,6,100
0x4a5A7E49226CbC014AA17bD56C84017aEd8A97A3,3,0x0d500B1d8E8eF31E21C99d1Db9A6444d3ADf1270,0x1016FBA43f29Acbf0DE06D3EC5B43B5Cb4F32F67,18,18,100
0xCe76949a3Fd3Ea19e4C873C57fC4aDC83ee360b6,3,0x3c499c542cEF5E3811e1192ce70d8cC03d5c3359,0x57fCbd6503C8BE3B1AbAD191Bc7799ef414A5b31,6,18,3000
0x2E67b39D275eB298f547DF7E37C49cecec2500F7,3,0x0d500B1d8E8eF31E21C99d1Db9A6444d3ADf1270,0xBb61DCB5b66210530f2e025e47fe93b120227FC6,18,18,500
0x30aBfeC09263F9E96d14760A3c5a1b666e4921f3,3,0x0266F4F08D82372CF0FcbCCc0Ff74309089c74d1,0x3c499c542cEF5E3811e1192ce70d8cC03d5c3359,18,6,3000
0xbd80914bc7770189aD6f2829C2E28ec35962dD25,3,0x0d500B1d8E8eF31E21C99d1Db9A6444d3ADf1270,0xdDa40cdfe4A0090f42Ff49f264A831402ADB801A,18,9,10000
0xf6a64c8640312b9e61b216438bf4197ebeCe9c8f,3,0x0d500B1d8E8eF31E21C99d1Db9A6444d3ADf1270,0xbbAB52F562D450E6686888e712aA10e06F90BB13,18,18,100
0xf5ba2AE5C4cFc4CA713aD33317D8a85f6b9E7432,3,0x9e20461bc2c4c980f62f1B279D71734207a6A356,0xBAC3368B5110f3a3ddA8B5a0F7B66EDb37C47AFe,18,18,10000
0xC8529f3FAb2a3c7E5b93b7fb2357647eA132D543,3,0x229d50e210e25b6e6987646863EB1E4219af23ee,0xc2132D05D31c914a87C6611C10748AEb04B58e8F,18,6,100
0x922b812c982A2b7229d2E77F346aC0EB288540F8,3,0x0d500B1d8E8eF31E21C99d1Db9A6444d3ADf1270,0x4963f0ABd8A9856b1f88f42Cb9912B4d8d0CdCaA,18,18,10000
0x9D209B79a3877FB282DEfD23cB186afA74e91aDa,3,0x0d500B1d8E8eF31E21C99d1Db9A6444d3ADf1270,0xEb513D16A9747633A1F46652171825a7d632487e,18,18,3000
0x28f6e16383ca6C7a2323C9A9e15a589D78626f27,3,0x2598c30330D5771AE9F983979209486aE26dE875,0xBAC3368B5110f3a3ddA8B5a0F7B66EDb37C47AFe,18,18,10000
0x7547c352A8b799AdA50449236894d28719885625,3,0x3c499c542cEF5E3811e1192ce70d8cC03d5c3359,0xB7b31a6BC18e48888545CE79e83E06003bE70930,6,18,3000
0x3Bb275264916A4d3a82b05C1A0B60582831Bd553,3,0x0d500B1d8E8eF31E21C99d1Db9A6444d3ADf1270,0xEb513D16A9747633A1F46652171825a7d632487e,18,18,100
0x4933B76615Df4c6CC9f4E19ADDd44DD3C6986dE7,3,0x0d500B1d8E8eF31E21C99d1Db9A6444d3ADf1270,0x3a3Df212b7AA91Aa0402B9035b098891d276572B,18,18,10000
0xD34E479213122Cbb916cA7d60EbA5B307a19A97D,3,0x0d500B1d8E8eF31E21C99d1Db9A6444d3ADf1270,0x4C96982A956FeC7897EfaD8E87498B1816E8f8d1,18,18,3000
0x4916006Be90b1Db07C19a1846eAd031eC4b83b4e,3,0x0d500B1d8E8eF31E21C99d1Db9A6444d3ADf1270,0x6415595bafC1761e6f118FbF6aAb4E92d86532d8,18,18,3000
0xF380964bA364E2Fa0509d6Be58e22a86bda73Ec5,3,0x0d500B1d8E8eF31E21C99d1Db9A6444d3ADf1270,0x2598c30330D5771AE9F983979209486aE26dE875,18,18,100
0x89a0214080584F86f14b39264B214994Eb71DC52,3,0x1C0Aaf256F581774E21d1faE64244C6676bFf04c,0x3c499c542cEF5E3811e1192ce70d8cC03d5c3359,8,6,3000
0x96a0dc31076E4d3dda756d72010FCd079ab0dd48,3,0x0d500B1d8E8eF31E21C99d1Db9A6444d3ADf1270,0x750e844F04694F2b1187d5D276A4f5A864178131,18,18,10000
0x42e41Bfe9a4EfC9040c9567B47dA0C68A93C33f8,3,0x0d500B1d8E8eF31E21C99d1Db9A6444d3ADf1270,0xFf165a524B05166EfFc86300ae67Db7ff82c83BB,18,18,100
0xB20dEafB5E3a9c8662dA76f6b2F013eE7F0DeB3c,3,0x8A953CfE442c5E8855cc6c61b1293FA648BAE472,0xBAC3368B5110f3a3ddA8B5a0F7B66EDb37C47AFe,18,18,10000
0x1C4824F55d0B75b45c6238A669b220eA799A30f1,3,0x0d500B1d8E8eF31E21C99d1Db9A6444d3ADf1270,0xeB51D9A39AD5EEF215dC0Bf39a8821ff804A0F01,18,9,10000
0x49675211Ad95bdec64c481E263795Bc2F9D07f58,3,0x0d500B1d8E8eF31E21C99d1Db9A6444d3ADf1270,0xB3b30907680dB24B6E612Aa0a1CD8a38b89fa3ea,18,18,3000
0x6e92D09Db1c067b8f77334Def91f4380B76Ca4b9,3,0x0d500B1d8E8eF31E21C99d1Db9A6444d3ADf1270,0x4963f0ABd8A9856b1f88f42Cb9912B4d8d0CdCaA,18,18,500
0xDf7BA77Ff5Aae21A686215b83CadFdbb181E7EEb,3,0x0d500B1d8E8eF31E21C99d1Db9A6444d3ADf1270,0xB0b7CCdD1F4Ec29e7B1fBDD7D5AB18695F4bE6F7,18,18,3000
0x0FAFA432F1e0AD2f300bE7646C454E86FCb55A80,3,0x0d500B1d8E8eF31E21C99d1Db9A6444d3ADf1270,0xaAF1A93443C8D6c0D45393f636f44d39B6C76F36,18,18,3000
0xAF824F1F465cE539C0896487317a78e3694023A6,3,0x0d500B1d8E8eF31E21C99d1Db9A6444d3ADf1270,0x6C923BbAF09084244eC5F5C5Cf386a84A03B8637,18,18,10000
0x0CF03b0b8f47bb1468d47aDf18e5f457F834D424,3,0x0d500B1d8E8eF31E21C99d1Db9A6444d3ADf1270,0x6166Bd7316E9A6e30B4Ed23cc9e499e237878cE2,18,18,10000
0x987152F7190581394c59c0B3799fe8E55ba242e2,3,0x0d500B1d8E8eF31E21C99d1Db9A6444d3ADf1270,0x60eb79c72495cE64048B1d831b7312B656A9FBc6,18,18,3000
0x33AAcC8DF04C42F534bf1b3a5B051D3CB703fe8B,3,0x0d500B1d8E8eF31E21C99d1Db9A6444d3ADf1270,0x809578aC2C9c434128A5B94c9c56B3F44979EcDd,18,18,10000
0x394e2e8d066C00147AD2C50cD197e78a14C950F3,3,0x0d500B1d8E8eF31E21C99d1Db9A6444d3ADf1270,0xA4030c89F009aBBF6E19eA14136F31231014d7d3,18,18,10000
0xfdb93fF698Db62b354adaD9418ed921F2142079E,3,0x0d500B1d8E8eF31E21C99d1Db9A6444d3ADf1270,0x47Db1Bccc9EbC0029D553b6344B093c2c875B14D,18,18,10000
0x5B8aE4c0a0d11997af711D94a976Bdeb022e6Aed,3,0x0d500B1d8E8eF31E21C99d1Db9A6444d3ADf1270,0xBf7D0a0c97c863515D83e6A960BE821d559b5B05,18,18,10000
0xA48d51cd7Ba75d97a679eCA1D38954e140EBe822,3,0x0d500B1d8E8eF31E21C99d1Db9A6444d3ADf1270,0xdF97c5CCd4eE61bAe5c7Fd1626817C0F8a504bB6,18,18,10000
0x962a5a45c7cc209F7c302429772AB92800DEb2F3,3,0x0d500B1d8E8eF31E21C99d1Db9A6444d3ADf1270,0x1E72aaF35C14159202dfacB3A834CA92f4941CA4,18,18,10000
0x09D1D9575463A7a87D8C4Bcc4488148f3eA3027a,3,0x0d500B1d8E8eF31E21C99d1Db9A6444d3ADf1270,0x77c5466B844840eC71F6969aDC859691D0162Ade,18,18,10000
0xD70769F719b500c892e7213afE0A0E25524a5608,3,0x0d500B1d8E8eF31E21C99d1Db9A6444d3ADf1270,0x56e3F4d3d6ce2134F6D1011dC378A4c0377CcE6A,18,18,10000
0x800800cd180F01DEE47ccFd9fA2A6d4c9c6984C0,3,0x0d500B1d8E8eF31E21C99d1Db9A6444d3ADf1270,0xcf7e31566A581e9e13453c4E39361312E4cbc285,18,18,10000
0x800be1D162d27Bc7eD597BC695B02c1B6DFCc99f,3,0x0d500B1d8E8eF31E21C99d1Db9A6444d3ADf1270,0x1633016AB7aEb20F45005FF05aF8C91A840e705d,18,18,10000
0x15B6839940B5827BF9fd0EEb70B6b84dc7CCf1b3,3,0x0d500B1d8E8eF31E21C99d1Db9A6444d3ADf1270,0x780686F4b0b84bC2Ab1013dd2Dd32E11302484c7,18,18,10000
0x555AF7b79354fBA57d3b476D6935f78f9Cab000b,3,0x0d500B1d8E8eF31E21C99d1Db9A6444d3ADf1270,0x63f871516451E1f7f5c4F884EDed227e876600C3,18,18,100
0x4E83c047641B1a5899e4026CAe0AbE98A4acAA71,3,0x0d500B1d8E8eF31E21C99d1Db9A6444d3ADf1270,0xA1be9370760377b16Dc7BB78f5cB52d546a1c1bc,18,18,10000
0xab0e8bB9d8854Ab78C38db961099e04AF7B66EdB,3,0x0d500B1d8E8eF31E21C99d1Db9A6444d3ADf1270,0x6c6e5C200b7c880873ee4d360fCDC212CDB8EEBC,18,18,10000
0x0fb9AD2bC6C03961d61949bC95cC58aA500e4Cd5,3,0x0d500B1d8E8eF31E21C99d1Db9A6444d3ADf1270,0x3B3A70B5C356b3531BEbBC2C7A7FD75c191EC25A,18,18,10000
0x1273217b077dc6FB692C3D194c3c2E10531654d4,3,0x0d500B1d8E8eF31E21C99d1Db9A6444d3ADf1270,0xb161e8bbaB46CD4eA38Ee66dCA20d4304c4c6572,18,18,10000
0x5D918e76D8dc76047e6437ec1E9d100eE179984d,3,0x0d500B1d8E8eF31E21C99d1Db9A6444d3ADf1270,0x6ecf44bF7c08575C2264ab83853756d952bC569F,18,18,10000
0x5c9F1892e1914B9eEd482E84eF303c9cF0A55C1b,3,0x0d500B1d8E8eF31E21C99d1Db9A6444d3ADf1270,0xA5cC2a4B60d8760DEf9D90F8A086309E999cc266,18,18,10000
0xC4991BCB01149E5c97E6f90c227c1a0D0f3A122C,3,0x0d500B1d8E8eF31E21C99d1Db9A6444d3ADf1270,0x89f3830C7CBFbfE2daf8e447c26aC510Cc16a60f,18,18,3000
0xe52d509733c38F413757E9e15d73249D6d834A03,3,0x0d500B1d8E8eF31E21C99d1Db9A6444d3ADf1270,0x72121eA41CE3E64b079832290D82372f3790B374,18,18,3000
0x737B4e2412a5AFA01b944a67462F56Cfbc07de02,3,0x0d500B1d8E8eF31E21C99d1Db9A6444d3ADf1270,0x79691994CfDe410B8dC547a62bE1a4FD58e0F78A,18,18,10000
0xBa2dE91B3bc3Cbee92Bd2623c1c79eFFae308a68,3,0x6f8a06447Ff6FcF75d803135a7de15CE88C1d4ec,0xBAC3368B5110f3a3ddA8B5a0F7B66EDb37C47AFe,18,18,10000
0xe111EF11208E4d41132f6586FC026b4ff922060D,3,0x0d500B1d8E8eF31E21C99d1Db9A6444d3ADf1270,0x4D7a91d49e2223EDbb7f996a44Ae64FB44ecDf26,18,18,3000
0x8088C797437c745610EFd0437f586194a40EE9D7,3,0x0d500B1d8E8eF31E21C99d1Db9A6444d3ADf1270,0x41084fDc569099d9E527ccf126e12d9C7c688ec3,18,18,100
0x99D47225898f0c0DCf848446697CA933294D0C45,3,0x0d500B1d8E8eF31E21C99d1Db9A6444d3ADf1270,0x1e4F263951aab3BE0c99Cd3541F37773525BEfa1,18,18,3000
0x3612081512Dcd816536Ecbf7D126d9e02a6e03B6,3,0x0d500B1d8E8eF31E21C99d1Db9A6444d3ADf1270,0xF706D5C12635CC672fdB3156E609A57C50cc8448,18,18,3000
0x7b5F39a119Ce5E0d2A4Ad34779760cc7323eB6F0,3,0x0d500B1d8E8eF31E21C99d1Db9A6444d3ADf1270,0xa415BaB705CE397E4f56cBDDec6aA5B5BE2ACef1,18,18,500
0xA71B407Fff70e2897291De8BB3DE6f4824ca9722,3,0x0d500B1d8E8eF31E21C99d1Db9A6444d3ADf1270,0xa8951e7a48B9e2E09e99585944411aD4A2D4Ce9d,18,18,3000
0x24A8b2e3a1cb0659b27257105B32f2702B11FD1e,3,0x0d500B1d8E8eF31E21C99d1Db9A6444d3ADf1270,0x0ef447f17bF37b0F728af4d369f6d41F03215bA3,18,18,3000
0x782355F40dE71730Abf908dF814B44762373724D,3,0x0d500B1d8E8eF31E21C99d1Db9A6444d3ADf1270,0xD88BDdAe876d5C7E0d4bB3C653aA81fa2bcC0Ea1,18,18,3000
0x68C4510983F6eE050685aE9Ee27A2481A050db49,3,0x4CC9D607fcDB1FAD6ac9573eF2a3f384B0d9eeD1,0xC004e2318722EA2b15499D6375905d75Ee5390B8,18,8,100
0x0734Bf2c7567A970ff91CCcfF33AB42fB20C7ca7,3,0x4CC9D607fcDB1FAD6ac9573eF2a3f384B0d9eeD1,0x85611FFd9f7dC33e811Bb4948FCC3c67145b86c8,18,17,100
0xFFdF5352c6069B6e1553689Ef69dfBBF5d140826,3,0x8f3Cf7ad23Cd3CaDbD9735AFf958023239c6A063,0xeB51D9A39AD5EEF215dC0Bf39a8821ff804A0F01,18,9,3000
0xb8Cefd1Fc838441f46bd3C901E43238b2e0a39B9,3,0x7ceB23fD6bC0adD59E62ac25578270cFf1b9f619,0xC004e2318722EA2b15499D6375905d75Ee5390B8,18,8,100
0xd288a998DDa307fd45C088E3d4A18480a1248c25,3,0x0d500B1d8E8eF31E21C99d1Db9A6444d3ADf1270,0xD9d64042Fb1F30Ad155d008519191DCF9fD740C9,18,18,100
0x7f17BD4472026262A554c3A8Ef2D0e808eb1ddcC,3,0x0cE87d0a621A54f5394740517C9389d24B72B81F,0x0d500B1d8E8eF31E21C99d1Db9A6444d3ADf1270,18,18,10000
0x74f71ebDCDDB359E60e403F215B78E4284F41C3d,3,0x063c6d6b6a1d4749F5A2581ae02ABEA209159231,0x0d500B1d8E8eF31E21C99d1Db9A6444d3ADf1270,18,18,3000
0x4e8Da68A6C2BEF83a6F3E3A55088121E4f540D41,3,0x0d500B1d8E8eF31E21C99d1Db9A6444d3ADf1270,0x498F7e94eD5AE8FBE00f140d13Cc896C3eD718E6,18,18,100
0xB2ace42Fe5a16cAc78c1223866B745D93D287Ed1,3,0x0d500B1d8E8eF31E21C99d1Db9A6444d3ADf1270,0xBb61DCB5b66210530f2e025e47fe93b120227FC6,18,18,3000
0x699f1Fe834e3F5f9277364DB3cB2d53Ae8D356fE,3,0xb6153D64543bCE880637a63864E42A1fBeABf129,0xc2132D05D31c914a87C6611C10748AEb04B58e8F,18,6,10000
0x3C50D0E494e4999ECDc0D532d277867f19a3E27B,3,0x0d500B1d8E8eF31E21C99d1Db9A6444d3ADf1270,0x300eB6529cAa2Ab5c97a7D9002f4C66363B20C0e,18,18,500
0x13abd90501899e2a7dF5E81744C5e473799c8363,3,0x0d500B1d8E8eF31E21C99d1Db9A6444d3ADf1270,0x4865F62ef4F64E31F70E8Ba67c2DeD3c7Dd06D2e,18,18,500
0x5bdA488c683171F8aFd17999C93C6013d9bcb2Bc,3,0x838C9634dE6590B96aEadC4Bc6DB5c28Fd17E3C2,0xc2132D05D31c914a87C6611C10748AEb04B58e8F,18,6,500
0xf75Bd1d7Cbb0d5dE3Dd5D2438A3eb683D9F121a7,3,0x0d500B1d8E8eF31E21C99d1Db9A6444d3ADf1270,0x98616aF415AE0323f91A0E5Ffa718Ee5bfd31200,18,18,500
0x6cbD0A2317a00850d6Eb234834291D7963f2859F,3,0x0d500B1d8E8eF31E21C99d1Db9A6444d3ADf1270,0x12c15fe736ac1799646D77E8f759F34Ed11A6e2f,18,18,3000
0x7981Af5083004c3c586215fd633E90FFA040968A,3,0x0d500B1d8E8eF31E21C99d1Db9A6444d3ADf1270,0x3c56287c46e268cc7452f2a3e5B768902204b768,18,18,3000
0x4F91C0c5E73709c3F1DAaa15F9bb3449eE291C00,3,0x7ceB23fD6bC0adD59E62ac25578270cFf1b9f619,0xB355f4F4CC84a9429a59d5c2B98d77016f7EC482,18,18,100
0x07A37aB30fd0B51B8282CA23146d12a736B107F7,3,0x0d500B1d8E8eF31E21C99d1Db9A6444d3ADf1270,0x3f17424450d7e79e103efF016B0cFe5CA9a6F19d,18,18,500
0xEbFA55218C0D79f65EEbE799B9C9600D858ba8B3,3,0x3c499c542cEF5E3811e1192ce70d8cC03d5c3359,0xB355f4F4CC84a9429a59d5c2B98d77016f7EC482,6,18,100
0xFaF65921a9709193f99E07109e95C5BD47bcB107,3,0x0d500B1d8E8eF31E21C99d1Db9A6444d3ADf1270,0x0DdE4811C4DD68Dc740A1D7997F33fF46CD186a9,18,18,10000
0x88521BA66f7e6677879ad1A8e9B05b4da42c91fd,3,0x0d500B1d8E8eF31E21C99d1Db9A6444d3ADf1270,0x0E5D3ed3634fBE63132c674eA73D7186477C9a60,18,18,500
0x8a8Ca88615833681210118e799A35ff11B7ca233,3,0x08aD91e011adA530000b580fF4bC6C25CCd02137,0x0d500B1d8E8eF31E21C99d1Db9A6444d3ADf1270,18,18,500
0x95E920D3D93b5C80378d84E43090c081522EA4FE,3,0x0d500B1d8E8eF31E21C99d1Db9A6444d3ADf1270,0x35B663dB2707dea33A1f06551E0460723B207EA4,18,18,500
0xbAa8A9961508d7FBF735F9DD887669942310af6b,3,0x0d500B1d8E8eF31E21C99d1Db9A6444d3ADf1270,0xC734DCB6af64E4A12D23e83933C0AF1Ca3384C3f,18,18,500
0xd2e63ab7fA536292FE227e49455Ab6168bD3AB11,3,0xB6027769f15bde8cFB29F3B14dE2e5622405Aa4C,0xC3C7d422809852031b44ab29EEC9F1EfF2A58756,18,18,10000
0x42d3f0C729a159b1c9F1FC93858f7a5d95e47FeE,3,0xB6027769f15bde8cFB29F3B14dE2e5622405Aa4C,0xd93f7E271cB87c23AaA73edC008A79646d1F9912,18,9,10000
0x366141Bf8a00964F06Ee1B2Dd9CfE96d4DA41eDB,3,0xA649325Aa7C5093d12D6F98EB4378deAe68CE23F,0xB6027769f15bde8cFB29F3B14dE2e5622405Aa4C,18,18,10000
0x44a35803173ad64a4B40aE85744A81D06B84583C,3,0xB6027769f15bde8cFB29F3B14dE2e5622405Aa4C,0xD6DF932A45C0f255f85145f286eA0b292B21C90B,18,18,10000
0x24cF50A5C20df7Ee4E2a963AC005be05DA84841f,3,0x2791Bca1f2de4661ED88A30C99A7a9449Aa84174,0x9c2C5fd7b07E95EE044DDeba0E97a665F142394f,6,18,100
0xE9DFadEC285a6fB2264F2cf1600eb0f62E1Cc0f7,3,0x0d500B1d8E8eF31E21C99d1Db9A6444d3ADf1270,0xEb935614447185eeea0aBC756Ff2ddC99FBB9047,18,18,10000
0x0339691907cA4765C140e1F68DC1C7D4FFFC1d09,3,0x0b3F868E0BE5597D5DB7fEB59E1CADBb0fdDa50a,0xB6027769f15bde8cFB29F3B14dE2e5622405Aa4C,18,18,10000
0x36A031B23ba17E0345f443bA1ceb49eF811cC5E7,3,0xb33EaAd8d922B1083446DC23f610c2567fB5180f,0xB6027769f15bde8cFB29F3B14dE2e5622405Aa4C,18,18,10000
0x015774428543D6C46A861D9db6a7e511A170EC22,3,0x2Ad2934d5BFB7912304754479Dd1f096D5C807Da,0xB6027769f15bde8cFB29F3B14dE2e5622405Aa4C,18,18,10000
0x500eeEdDC1A5d7b9Fcac5Ebc1b885E37e97751FA,3,0xB6027769f15bde8cFB29F3B14dE2e5622405Aa4C,0xe5B49820e5A1063F6F4DdF851327b5E8B2301048,18,5,10000
0xaa33f7c4B03F6e19a9A1abb0A6d3f48d0842EDF3,3,0x61299774020dA444Af134c82fa83E3810b309991,0xB6027769f15bde8cFB29F3B14dE2e5622405Aa4C,18,18,10000
0x560D88762Fb46D02050b6661D3F415ED1c5CcF73,3,0xB6027769f15bde8cFB29F3B14dE2e5622405Aa4C,0xBbba073C31bF03b8ACf7c28EF0738DeCF3695683,18,18,10000
0x4A7D71e5bdb3d087764567ff8CFd1e701926C2D2,3,0x08d3CCBa05596355535fDcC22B6B829008937659,0x0d500B1d8E8eF31E21C99d1Db9A6444d3ADf1270,18,18,500
0x5bb9a296A7A31646Dfe0D883ad9Af5dA175dAD41,3,0x0d500B1d8E8eF31E21C99d1Db9A6444d3ADf1270,0xDa792e4ED45F861c2602bcde0A912DDFa506Bd05,18,18,500
0x2Efb61648338330497386956aa4AFe17107832de,3,0x3c499c542cEF5E3811e1192ce70d8cC03d5c3359,0x88DB2562e845E996A119b53bE94D050E6c36cC89,6,18,3000
0x06631f66379E2471178DF587CC0351f260918DD4,3,0x0d500B1d8E8eF31E21C99d1Db9A6444d3ADf1270,0x9150e9A9D4332c91Fb3bcBcB0d8dF33977E8CcA9,18,18,500
0x9Db4316db1D566679826bb2c4B39FCAB8D702196,3,0x50B728D8D964fd00C2d0AAD81718b71311feF68a,0xB6027769f15bde8cFB29F3B14dE2e5622405Aa4C,18,18,10000
0x781ABe4b0eeDd29f94f11D2591E9818882183167,3,0xB6027769f15bde8cFB29F3B14dE2e5622405Aa4C,0xB7b31a6BC18e48888545CE79e83E06003bE70930,18,18,10000
0xeAE0aEd9B98922955665b8896A0eC4a1Bd21F21C,3,0x41b3966B4FF7b427969ddf5da3627d6AEAE9a48E,0xB6027769f15bde8cFB29F3B14dE2e5622405Aa4C,18,18,10000
0xc51f46Ec13370913F9f30EdEedE3d5Bd843f8B53,3,0x79774Bf5867ac4e014A48B471CBd94A01cc9a4D2,0xE06Bd4F5aAc8D0aA337D13eC88dB6defC6eAEefE,18,18,3000
0x1bcEe496Bd990f39aD738A075c852f5e93c924CA,3,0x0d500B1d8E8eF31E21C99d1Db9A6444d3ADf1270,0xB6027769f15bde8cFB29F3B14dE2e5622405Aa4C,18,18,10000
0x1CfEf289e94dA9b9C5c6addA12307168306129D2,3,0x3c499c542cEF5E3811e1192ce70d8cC03d5c3359,0xB6027769f15bde8cFB29F3B14dE2e5622405Aa4C,6,18,10000
0xeb1cD6c5155638CeB62ab74A49C33121C5355Da7,3,0x2791Bca1f2de4661ED88A30C99A7a9449Aa84174,0xB6027769f15bde8cFB29F3B14dE2e5622405Aa4C,6,18,10000
0x2D5Fdb7ECBC39b3e4604e4Ed449680EC3819C5d3,3,0xB6027769f15bde8cFB29F3B14dE2e5622405Aa4C,0xc2132D05D31c914a87C6611C10748AEb04B58e8F,18,6,10000
0xc44302275AD4235D9ab9b017cAA2233e6a82c8aA,3,0x3c499c542cEF5E3811e1192ce70d8cC03d5c3359,0x88DB2562e845E996A119b53bE94D050E6c36cC89,6,18,10000
0xD7E242bcd06Ad2B34BEed4A15d38aD6fF24b73c6,3,0x8f3Cf7ad23Cd3CaDbD9735AFf958023239c6A063,0xB6027769f15bde8cFB29F3B14dE2e5622405Aa4C,18,18,10000
0x9De10F30c2B1BBD6E63AA2df7c3cf756EFC0c514,3,0x7ceB23fD6bC0adD59E62ac25578270cFf1b9f619,0xB6027769f15bde8cFB29F3B14dE2e5622405Aa4C,18,18,10000
0x1b4b26CAF230162FeB057AD1Da43B75b70fd82D8,3,0x6f8a06447Ff6FcF75d803135a7de15CE88C1d4ec,0xB6027769f15bde8cFB29F3B14dE2e5622405Aa4C,18,18,10000
0xF150be76c25F3c8D51522B38E2769B07E2a6F73C,3,0x1BFD67037B42Cf73acF2047067bd4F2C47D9BfD6,0xB6027769f15bde8cFB29F3B14dE2e5622405Aa4C,8,18,10000
0xc49eA055C6322271Ed625089127cC51968266b8C,3,0x2C89bbc92BD86F8075d1DEcc58C7F4E0107f286b,0xB6027769f15bde8cFB29F3B14dE2e5622405Aa4C,18,18,10000
0x1EcBFbE8Ad6d85423f1356D9b39748ADE942e6DE,3,0x53E0bca35eC356BD5ddDFebbD1Fc0fD03FaBad39,0xB6027769f15bde8cFB29F3B14dE2e5622405Aa4C,18,18,10000
0x3c408b5E2D5cb96147621D9F13eDFC32B7c2beD8,3,0xB6027769f15bde8cFB29F3B14dE2e5622405Aa4C,0xe20B9e246db5a0d21BF9209E4858Bc9A3ff7A034,18,18,10000
0x708911e86A354B9C22D41d596241384078fdE7EB,3,0x9cd6746665D9557e1B9a775819625711d0693439,0xB6027769f15bde8cFB29F3B14dE2e5622405Aa4C,6,18,10000
0xC6164f3667c762CC4DD614D2FD0eAB82aB59F758,3,0x0d500B1d8E8eF31E21C99d1Db9A6444d3ADf1270,0x93CAB1Ab2988e76748A19C46fF8Cc6c5DaEDf8b7,18,18,3000
0xe1DE9c4a400A6CF3080b85E188eAe5F0481120B3,3,0x2791Bca1f2de4661ED88A30C99A7a9449Aa84174,0x5Ea06bE8F9b036728292F22b005fB5556570c213,6,18,3000
0xc07feD7e7a7875d328A34Aa2178E1f6eD11d86F5,3,0x46E3869AbE8Eb6c777eabB6dCb3cE9F38e3Bfcc6,0xE9c21De62C5C5d0cEAcCe2762bF655AfDcEB7ab3,18,18,10000
0x17d16931fE84EaC949e52051EF94C4FF8c607692,3,0x6f8a06447Ff6FcF75d803135a7de15CE88C1d4ec,0x79774Bf5867ac4e014A48B471CBd94A01cc9a4D2,18,18,3000
0xB9ec47e1bde1B9a33Cb7e04d862DeD9F26cfab0C,3,0xB6027769f15bde8cFB29F3B14dE2e5622405Aa4C,0xee7666aACAEFaa6efeeF62ea40176d3eB21953B9,18,18,10000
0x8E518518e40C44640054c70e080633FDdF67Cd22,3,0x1C0Aaf256F581774E21d1faE64244C6676bFf04c,0x845e9fE02d4fbB697Ff6cd474a6b5473d9f6e70c,8,8,3000
0x6A1aB47c6F177920f709D04Ea4461C766B7BEaA2,3,0xc2132D05D31c914a87C6611C10748AEb04B58e8F,0xD8513c22Dd61161ba3872859A6D10eB1612Df742,6,18,3000
0x36616bbAbAb15971238876d5C5fee5987928138c,3,0x79774Bf5867ac4e014A48B471CBd94A01cc9a4D2,0xeB51D9A39AD5EEF215dC0Bf39a8821ff804A0F01,18,9,3000
0x0A32BD2C866e087c053cbDE1FB470210B0f94330,3,0x4D7a91d49e2223EDbb7f996a44Ae64FB44ecDf26,0xc2132D05D31c914a87C6611C10748AEb04B58e8F,18,6,10000
0x4F19595528FAa09b09fb2f32BdC78C8db3E272EF,3,0x3A791C4724cddB7fe86705A372dE75A64cD610F3,0x3c499c542cEF5E3811e1192ce70d8cC03d5c3359,1,6,100
0x24D121512cb2453cBAB4203b51B60Df790c9cA97,3,0x0d500B1d8E8eF31E21C99d1Db9A6444d3ADf1270,0x4963f0ABd8A9856b1f88f42Cb9912B4d8d0CdCaA,18,18,3000
0x193E261F166B8BA761cbCaAc2CEf0cCacE72f853,3,0x16cFF95F237857884EF7a4A05323EACf11BAcA2a,0xB274edBC070Ff9Dc002D71FBf73A56c3fA941BbF,18,18,10000
0xE40afc025603a97619A39F5920F263668Ad37f9e,3,0xc2132D05D31c914a87C6611C10748AEb04B58e8F,0xD162AEb2A089807cf09729B2F790f38ed9569f17,6,18,500
0xe74c39BBb14432FB95Af1958D94e61Cdf830B941,3,0x0d500B1d8E8eF31E21C99d1Db9A6444d3ADf1270,0xB1927bf50856D1904f7F8AE0f14f06187fDdf93E,18,18,3000
0x6cD0E2D1f0C943508a1814ea5eD98664158512A2,3,0x0d500B1d8E8eF31E21C99d1Db9A6444d3ADf1270,0x6e4E624106Cb12E168E6533F8ec7c82263358940,18,6,100
0xE10795350cb51c349409AaeaEfd5ca22Af2F1ABE,3,0x43F2e6ABe352a7c4C5A8756e9AEa49727BaC5fD4,0xD3a4b978f2F39a121C727E3049F80ecA00a1EF20,18,18,3000
0x65028C82B669b8587B4edCE9AE9DF0fdDb5248Cc,3,0x0B220b82F3eA3B7F6d9A1D8ab58930C064A2b5Bf,0x0d500B1d8E8eF31E21C99d1Db9A6444d3ADf1270,18,18,100
0xF71EEADaEc85014b721e73cd97BB75c384DaeD2f,3,0x0d500B1d8E8eF31E21C99d1Db9A6444d3ADf1270,0x3812614e97f02C2E94C3EB15741f01044D54346c,18,18,3000
0x0d0f41C25E6D5bF25e166dB2Ce8312526e0a4Cd4,3,0x0d500B1d8E8eF31E21C99d1Db9A6444d3ADf1270,0xCEe7EA83e3e588b664509Cc316087A95f89d0492,18,18,500
0xddbf611944cC2C7f39384e0bC8c66f9A8e6e231d,3,0x44A2C6253Bb48B33BFF264B0d26c4246A46180Af,0xc2132D05D31c914a87C6611C10748AEb04B58e8F,8,6,10000
0xB37aaF95857fF060726aDD8FB77DA8C9dC5811b0,3,0x53E0bca35eC356BD5ddDFebbD1Fc0fD03FaBad39,0xc87e9b377A3C7278305313C350916D78e13fe320,18,18,100
0x4F02c80565829FADd03F4a997c4774ae64960050,3,0x53E0bca35eC356BD5ddDFebbD1Fc0fD03FaBad39,0xEe8fA06C8354F0e27f3112509843d0E3104b4BaE,18,18,500
0xd7b780049Fc0cf7e4741CcD86f66c86184cA08fE,3,0x0d500B1d8E8eF31E21C99d1Db9A6444d3ADf1270,0x41084fDc569099d9E527ccf126e12d9C7c688ec3,18,18,500
0x7b7E104e5d17cb705acBD604e37DdDF666729671,3,0x0d500B1d8E8eF31E21C99d1Db9A6444d3ADf1270,0x38f4ab706666ab3bBEef6B7b9DBe7fde8FCBd90A,18,18,100
0x9ab478Be8B129E07Cf327F3a90853e875635961a,3,0x11f98A36aCBD04cA3Aa3a149d402AFFbD5966fe7,0x7ceB23fD6bC0adD59E62ac25578270cFf1b9f619,16,18,10000
0x53Ec4929661E7662F5FA2B762a4d35DbA7900D31,3,0x0d500B1d8E8eF31E21C99d1Db9A6444d3ADf1270,0xc5141C9436c91Be78ef40bbAa95958e90F23691B,18,18,10000
0xD7F03E76Cc1B0C979B2aaF620877c0700e152454,3,0x0d500B1d8E8eF31E21C99d1Db9A6444d3ADf1270,0xB1f7098c689a898f8Ed663B5D0C7398772b24d08,18,18,500
0xeA84eF13fb5fB4c56eAbb2DD78E0DAc238026e3e,3,0x0d500B1d8E8eF31E21C99d1Db9A6444d3ADf1270,0xB5d9d73f7A08ea1fB9cdD2DB23AB678b041f97c0,18,18,500
0x762ec0F56a3b34e1915c606Fd10317e3e84Bd4E3,3,0x0d500B1d8E8eF31E21C99d1Db9A6444d3ADf1270,0x7a166F730C78602Daa8b8c92b4049bE1ce986E7e,18,18,500
0x65eef8152B62Cd521A755cD0d8C3D4ECB7c39068,3,0x0d500B1d8E8eF31E21C99d1Db9A6444d3ADf1270,0x1A1027b2c787c362ae6E4a6495BfcC8fB3e9aEBd,18,18,10000
0xbc85DCeb39B6Fac2A39796116725C62bEAca154F,3,0x0Fe44f4A31BA04291788b2b0f2E9872f36fE2f94,0xc2132D05D31c914a87C6611C10748AEb04B58e8F,18,6,10000
0x0a8DC7B9700f93cF0DC0FDA6A011dD6E327f6c35,3,0x0d500B1d8E8eF31E21C99d1Db9A6444d3ADf1270,0x5cDacD2541B76c0AE27dE069008C8736Ac20F605,18,12,10000
0x505dB16B610D35D34Bc023da34D7d4D2a3E94fc6,3,0x237ca5b7BeffAe36CbE0e7241e03B6fd6391B090,0x8f3Cf7ad23Cd3CaDbD9735AFf958023239c6A063,18,18,100
0x0296F6EA1F02083b99AE59200D00f5257473F17c,3,0x0d500B1d8E8eF31E21C99d1Db9A6444d3ADf1270,0xb841A4f979F9510760ecf60512e038656E68f459,18,18,10000
0x96a6f63dA961E802B6dFf6371678fE2D78e0714f,3,0x65D98A470ec932a256484b196217c27E564C359a,0xc2132D05D31c914a87C6611C10748AEb04B58e8F,18,6,3000
0xb6907DDddBF8C8d5919A51e8A5BE2F180a4bB7E8,3,0x0b3F868E0BE5597D5DB7fEB59E1CADBb0fdDa50a,0xb33EaAd8d922B1083446DC23f610c2567fB5180f,18,18,3000
0x77925B6B82F087dF10D57F6ecD133682692022D7,3,0x0d500B1d8E8eF31E21C99d1Db9A6444d3ADf1270,0x78445485A8d5b3BE765e3027bc336e3c272a23c9,18,18,10000
0xA6C02b39768aD82e8121776Be70Fbe37470823DD,3,0x2A07461a493b994C2a32f549Fd185524f306aB38,0x52468c88e8b4F5bCCA20a6A7813355637Dc5e3Ad,18,18,3000
0xa054d99bC260C6334de5c72044685BAD9f6f96Ee,3,0x0d500B1d8E8eF31E21C99d1Db9A6444d3ADf1270,0x2dc3A6d6De1Bc3131978b2867668cfa4344808D2,18,18,100
0xd46158F720208f900Be6433Ed74EB9F22A540C9a,3,0x0d500B1d8E8eF31E21C99d1Db9A6444d3ADf1270,0x4DeB332a2B4976C5e69652720Bcf721651113497,18,18,10000
0x64F4060FC9CaAf59e067348D5Eb6747731b40214,3,0x5Bf624B420f3AdC7Dec720998B7fB2a6eDC8484c,0x8d8b9044662644E2502e4A6747846F6B0fDAF0bd,9,9,100
0x032e98fC0BF9b5bc266523f8BA58a74d8D60aB97,3,0xA1c57f48F0Deb89f569dFbE6E2B7f46D33606fD4,0xb33EaAd8d922B1083446DC23f610c2567fB5180f,18,18,500
0x000319e1d50D4cE5a00ec671FA3f19664378cA63,3,0x7071A6D00a5744d57Edda46cCEA43EE6B26785F0,0xD078d8606b507760431a0F20BC23F19099fAa09A,18,18,3000
0x4d951511408eDAF21b001ff4bED3dfa731924388,3,0x0d500B1d8E8eF31E21C99d1Db9A6444d3ADf1270,0x5156E4Fa69b2529276Ae5F053fa704eE6F238D48,18,18,500
0x0b7773bfEdFD36cbBF5E9D7576cb2b0b1c463398,3,0x3c499c542cEF5E3811e1192ce70d8cC03d5c3359,0x4e3Decbb3645551B8A19f0eA1678079FCB33fB4c,6,18,100
0x48A661Bb0EAE09593E6DA525cCeC75Ed0720A143,3,0x2dc3A6d6De1Bc3131978b2867668cfa4344808D2,0x4963f0ABd8A9856b1f88f42Cb9912B4d8d0CdCaA,18,18,3000
0x8fA0ea94E28Ef1D0D767E7269d744b2888a99DE5,3,0x0d500B1d8E8eF31E21C99d1Db9A6444d3ADf1270,0xeB635Dd17a0Fad3213D53B2D41106f172d241B59,18,2,3000
0xCA04f0e365621F5951AFC0834C9E994749a7649e,3,0xBbE18f91C1cF607Bb2261e93e3FA877691412BeF,0xc2132D05D31c914a87C6611C10748AEb04B58e8F,18,6,3000
0xAa459724109B83a480130548889ab9E3Bd31efDB,3,0xA1A1950c054abb7DA3094EEF1630f6fa0e2D714c,0xdE86986a221E59573Db08A688d05Fc96eF7d8eFD,18,18,3000
0x2C5c1107d0979A9977349821b2c1d6b18110d282,3,0x2791Bca1f2de4661ED88A30C99A7a9449Aa84174,0xFc91eedB9cA319823667914b29FeA9B8DD5C7Cd2,6,18,3000
0xeCeA2D2eC06772908bdF048599Fe314A8FC99cED,3,0x02EcDC359008Fa3EA302Dbcbb92DFE0564C4feC7,0x0d500B1d8E8eF31E21C99d1Db9A6444d3ADf1270,18,18,3000
0x2Eaf3bA3742CB4A899F8389C69dA3D8D1fB45d2C,3,0x0d500B1d8E8eF31E21C99d1Db9A6444d3ADf1270,0xdddCa1d1fd4E72B85B7B95f07651AB36B62F69E9,18,18,10000
0x1cc610421FBf19C150f721A491a01FBb6a43Bf13,3,0x2791Bca1f2de4661ED88A30C99A7a9449Aa84174,0xC70E0dA751516277b9b72bFB30251Db9b128cD98,6,18,3000
0xc7d7fEb1cfB913AB0cD597cd5E9C8B8b1f394d6C,3,0x3c499c542cEF5E3811e1192ce70d8cC03d5c3359,0xeD2d13A70acbD61074fC56bd0d0845e35f793e5E,6,18,10000
0xEecd5bA7bD60B5CF779C5387Ab1a525612d6EED7,3,0x3c499c542cEF5E3811e1192ce70d8cC03d5c3359,0xeD2d13A70acbD61074fC56bd0d0845e35f793e5E,6,18,3000
0xB4Cb84Ad66e9E15F9a94c9Aa913CafD7Bc62b5f3,3,0x2791Bca1f2de4661ED88A30C99A7a9449Aa84174,0x910007A39b362f69240BE262BA215fAEf8e2F359,6,18,3000
0x028614Dd79AFed3720526a9cC7f202387FDc3A9F,3,0xA649325Aa7C5093d12D6F98EB4378deAe68CE23F,0xB6027769f15bde8cFB29F3B14dE2e5622405Aa4C,18,18,3000
0x408cD8277E1FDA348d85d8c79b8302584B818e84,3,0x02EcDC359008Fa3EA302Dbcbb92DFE0564C4feC7,0x0d500B1d8E8eF31E21C99d1Db9A6444d3ADf1270,18,18,500
0xA6A82440516db97cce60758E7C58C9852e7Dc33E,3,0x7ceB23fD6bC0adD59E62ac25578270cFf1b9f619,0xb841A4f979F9510760ecf60512e038656E68f459,18,18,10000
0xB2851eD6f6374058Ae3a5ceBCaC10E9B32008351,3,0x2791Bca1f2de4661ED88A30C99A7a9449Aa84174,0x396936B0CE92A5900164f11601e8B53De6665c5D,6,18,3000
0x2326Bd28f03C12DFc5283a9CE39229BEDB17f29c,3,0x0d500B1d8E8eF31E21C99d1Db9A6444d3ADf1270,0x527856315a4bCD2F428EA7fA05ea251f7e96A50A,18,18,100
0x435891C400EaBf2252cB0d87f4E1b7A4220eB207,3,0x0d500B1d8E8eF31E21C99d1Db9A6444d3ADf1270,0x527856315a4bCD2F428EA7fA05ea251f7e96A50A,18,18,3000
0x2e47Ec320D3693C4571edab84043D65a40411f9A,3,0xBf80eF1558B362573f469ec3E2493fd49E0f7100,0xc2132D05D31c914a87C6611C10748AEb04B58e8F,18,6,10000
0xde8c33D083a28370023417c2Dfb97c3EF92e9737,3,0x06736051e025DEb8c4EE924f6885945fe70A5128,0x0d500B1d8E8eF31E21C99d1Db9A6444d3ADf1270,18,18,100
0xF5dcd0442a081FAFB92F0C91f63dDF771C951e5B,3,0x1BFD67037B42Cf73acF2047067bd4F2C47D9BfD6,0x281E38a1fc3E581Fce8E01332c34A06E6F6E3436,8,18,3000
0xE01beD84f79A9109382E79276581929F2b13974c,3,0x0d500B1d8E8eF31E21C99d1Db9A6444d3ADf1270,0x9bC90fC4B2A49aB12CEE74bDEa5bCB542Feb2396,18,18,10000
0x9E89BfaC4DF1659257b08F2b3dCF91D8a96d2Cc5,3,0xb33EaAd8d922B1083446DC23f610c2567fB5180f,0xE64ceD357672e70fA5cE1fCAEc52c8F690528bcC,18,18,100
0xCe629822F8Fadf26Fa0d1A3051818e8f374b6456,3,0x0d500B1d8E8eF31E21C99d1Db9A6444d3ADf1270,0x8505b9d2254A7Ae468c0E9dd10Ccea3A837aef5c,18,18,100
0x843e84FcF62eaE09fcA1708d9672688A989B2D22,3,0x0d500B1d8E8eF31E21C99d1Db9A6444d3ADf1270,0xa998D5E7656f0523AB1e786d95FdCD98ABc8C319,18,18,100
0x2e45cF89bDe9c761105D0BB630BA918dEd691aCf,3,0x3c499c542cEF5E3811e1192ce70d8cC03d5c3359,0x576Cf361711cd940CD9C397BB98C4C896cBd38De,6,6,10000
0x1280357a5ded1F31DC7e544eBFEDBe76C0bb11e6,3,0x0d500B1d8E8eF31E21C99d1Db9A6444d3ADf1270,0xcc457870685854773DFfDec43E1E766e50506B9c,18,18,3000
0x6d4e07ae158d3Ca14698517B37DcC39D77758F4F,3,0x0d500B1d8E8eF31E21C99d1Db9A6444d3ADf1270,0x0f3e07a80E79c80E26312cA51faF955AF5f4D873,18,18,3000
0x32d352414F34a9c4713DAB62ac5415aDD454860d,3,0x53E0bca35eC356BD5ddDFebbD1Fc0fD03FaBad39,0x79774Bf5867ac4e014A48B471CBd94A01cc9a4D2,18,18,3000
0x67f3A66b71922586Df9cA56021902d81Ab5055d8,3,0x0d500B1d8E8eF31E21C99d1Db9A6444d3ADf1270,0xC2f8e8C5E863d06bFAD9c05a95daDd844a8D5C48,18,19,10000
0x0db939d3671A8056A35402D48369Eed99feD9C1f,3,0x0d500B1d8E8eF31E21C99d1Db9A6444d3ADf1270,0x332d6C8E08dc453DA326a1822a7314DD61Ab821D,18,18,3000
0xa58F4FC1583d73d16E53bE9Bde50E69280dF1801,3,0x0d500B1d8E8eF31E21C99d1Db9A6444d3ADf1270,0x957c5fbBD2b668B9076a310AF88DC31d044E214b,18,18,3000
0x072cB1f0120315f0833c8a8F5498013597897B31,3,0x0d500B1d8E8eF31E21C99d1Db9A6444d3ADf1270,0xa0551953E059a708AEe00A7Dd442Bb7f8188A722,18,18,100
0xb84b3bc2434b6Fe2d23872444e868A8F1b3C1cEb,3,0x0d500B1d8E8eF31E21C99d1Db9A6444d3ADf1270,0x39EEFAC8C45E68B62e58d9D0bA9e4CEFEb6E65d1,18,18,3000
0xF243AF236a81b913e96f2265FeaB6780Fd3EdCf8,3,0x0d500B1d8E8eF31E21C99d1Db9A6444d3ADf1270,0xC2f8e8C5E863d06bFAD9c05a95daDd844a8D5C48,18,19,3000
0x1df416585979F9cfB83DC678Db029ecA782499E9,3,0x0d500B1d8E8eF31E21C99d1Db9A6444d3ADf1270,0x5ec80bA2bfB7E6be319C781a5C21b92F72446b1C,18,18,100
0x51e3689B6e5Df4d12f06Da0EaC485d202a518dE1,3,0x79774Bf5867ac4e014A48B471CBd94A01cc9a4D2,0x838C9634dE6590B96aEadC4Bc6DB5c28Fd17E3C2,18,18,3000
0x2025604F90509c8e92C6bDdA02f56D5632e98aDF,3,0x9F9f149a02Cddc9a8251207cefD3fF774DAF56F6,0xcd13201C8847Fcd438a7Ba8C263d48A8DAcB5A84,18,18,10000
0x9ed5f56b38CFe9E6063AFD7136B33445D5a44487,3,0x0d500B1d8E8eF31E21C99d1Db9A6444d3ADf1270,0xc08a1971D96D4d32AEaDBdFceFf9D8582c863003,18,18,3000
0xB6b7B21A624a9a3A38Bd114b4B7434598Be61065,3,0x0d500B1d8E8eF31E21C99d1Db9A6444d3ADf1270,0x1A9198CaF6D59376f720799317B355e973F465b3,18,18,3000
0x1B356bE718490463CEf8a5FCec83274c817eaE50,3,0x27BdEa01543A09CE204bC1f11a9ACa9D96990563,0x74dD45dd579caD749f9381D6227e7e02277C944B,18,9,10000
0x67e901AdCdBDbF8D0960e66f38041429C1adB2A7,3,0x0d500B1d8E8eF31E21C99d1Db9A6444d3ADf1270,0x527856315a4bCD2F428EA7fA05ea251f7e96A50A,18,18,500
0x469efffe29c7c5143c6d13e2fCc89c46b7878ecd,3,0x0d0B8488222F7f83B23E365320a4021b12eAD608,0x79774Bf5867ac4e014A48B471CBd94A01cc9a4D2,18,18,3000
0x8e951aB79342963464cb18e026cDBB86D6c39290,3,0x0d500B1d8E8eF31E21C99d1Db9A6444d3ADf1270,0x39EEFAC8C45E68B62e58d9D0bA9e4CEFEb6E65d1,18,18,10000
0x51c5012363926C571aB8Bc2a7AfED2C3ce57B08f,3,0x0d500B1d8E8eF31E21C99d1Db9A6444d3ADf1270,0xc7d2A2Dbb92Fe3fccf529bf89d565F44A2aD7C92,18,18,500
0x7C7F3b6767a65a6c0194320b29B161C52Eda7213,3,0x0d500B1d8E8eF31E21C99d1Db9A6444d3ADf1270,0xc4e0f5DafeE5665A61820547D51f8E7aA0200baF,18,18,500
0xBe5e46ae76B666c5014a16aEA8905B87D255030f,3,0x077fB6F66CbA02e811bF5cF3c7cB351D83563473,0x0d500B1d8E8eF31E21C99d1Db9A6444d3ADf1270,18,18,3000
0x6223e5736F62d765bc3c5d4617c48Cb98D68165C,3,0x0d500B1d8E8eF31E21C99d1Db9A6444d3ADf1270,0x2EbcE2921fF60DDfa446586E566C78854B8A4295,18,6,100
0x71B29bC128C2e52407Fa03956aFE4eeA6352F47c,3,0x0d500B1d8E8eF31E21C99d1Db9A6444d3ADf1270,0x7ded2EAFB5864558D43f8C12e4B65E3330841BF6,18,18,3000
0xBffF13e925CC69802789d01B0c8618dcd3F8c01A,3,0x2EbcE2921fF60DDfa446586E566C78854B8A4295,0xc2132D05D31c914a87C6611C10748AEb04B58e8F,6,6,100
0x22b83645a4DC4E700c7A15CB419AB8A57Fbd1bc3,3,0x89b42f4120cB03564Dc6D2DeD990EB21973D2cdB,0xc2132D05D31c914a87C6611C10748AEb04B58e8F,18,6,10000
0x112b040E1305DaF124b0953590FAFD333FB61Df9,3,0x004fD37b5797158495c07D062D82969dCF3482c6,0x3d2bD0e15829AA5C362a4144FdF4A1112fa29B5c,18,18,3000
0xdee3Cc8dE9C4761a6eF8b60e461F95e93856C821,3,0x0d500B1d8E8eF31E21C99d1Db9A6444d3ADf1270,0xF447eeb006Db11ACDb8A6960c027563F404bEBA5,18,18,10000
0xaae26E45C90d002867C3e5531feeE87E6032924c,3,0x4F604735c1cF31399C6E711D5962b2B3E0225AD3,0xcd13201C8847Fcd438a7Ba8C263d48A8DAcB5A84,18,18,10000
0x8E2E2a4B62BE45C8B68Ecdf126D01b2106A6DD6d,3,0x7ceB23fD6bC0adD59E62ac25578270cFf1b9f619,0xbbBBbBbBB7949dcC7d1539c91b81A5BF09E37bDB,18,18,10000
0x6163a5C544f1bCe7772800DC3b79734b8a60f284,3,0x0d500B1d8E8eF31E21C99d1Db9A6444d3ADf1270,0x5f0197Ba06860DaC7e31258BdF749F92b6a636d4,18,18,3000
0xCfB4206CbDDe9E4b4cbB1C66D6A35F1F18CD2609,3,0x0d500B1d8E8eF31E21C99d1Db9A6444d3ADf1270,0x5f0197Ba06860DaC7e31258BdF749F92b6a636d4,18,18,10000
0xcFff1Ca0B99Ea83A599c58a125A6861b2A31363D,3,0x3c499c542cEF5E3811e1192ce70d8cC03d5c3359,0xCE0461E819311b1c6A9528f20ee93cA368bb646d,6,9,500
0x75B86DB4dDB5aC597ecb739a750521Cd2817887e,3,0x0d500B1d8E8eF31E21C99d1Db9A6444d3ADf1270,0x3eD4c2D63DEf617F436EB031BAcAE16f478f3B00,18,18,100
0x21F954aD711631042e01769feA0Ba40C9FB0f8e0,3,0x03a4058146384039B090dFbB247feE53f2d01773,0x0d500B1d8E8eF31E21C99d1Db9A6444d3ADf1270,18,18,500
0xf0004135C1c581b02460d382699c1aa364226165,3,0x0d500B1d8E8eF31E21C99d1Db9A6444d3ADf1270,0xaED2f1bd6859009d2FD0C91E9Ed30BA9b4434FCa,18,18,3000
0xe105D8BC7191a8F2273aC965B2A6fD6D8240d8e7,3,0x5A0580b94Ed04B114f38c627ff61ECd836020c9D,0xbd50831CF6ce9b41015aA0E83AC2fb8ae1c75Dc9,6,18,3000
0xAe1Fa07ab04C6CcCb306e8F8E0eac709Dd487040,3,0x172370d5Cd63279eFa6d502DAB29171933a610AF,0xBbba073C31bF03b8ACf7c28EF0738DeCF3695683,18,18,3000
0x717e641AfeD44712cFFFeB4bFf3cf6c9A05BC702,3,0x0d500B1d8E8eF31E21C99d1Db9A6444d3ADf1270,0x54001a9c668Ad5f1a6131E6A5faA964a2608406F,18,9,3000
0xfF23264db1D2418F55b7f7A0060465a41CaEac9C,3,0x430EF9263E76DAE63c84292C3409D61c598E9682,0x6f7C932e7684666C9fd1d44527765433e01fF61d,18,18,3000
0x3D5fa979227FFB2eb584C2bF87C8b110f78c4B7F,3,0x430EF9263E76DAE63c84292C3409D61c598E9682,0x6f7C932e7684666C9fd1d44527765433e01fF61d,18,18,10000
0xAb25D0c71125F83142aFc606B225294DF160F163,3,0x0d500B1d8E8eF31E21C99d1Db9A6444d3ADf1270,0xd83E3010D09a2Fe70319Dfdb771111383BB4EB71,18,18,100
0x1c3Dc3e9e45AF4d3b4Ac290d24b762B63d64CEC5,3,0x3c499c542cEF5E3811e1192ce70d8cC03d5c3359,0x6e4E624106Cb12E168E6533F8ec7c82263358940,6,6,3000
0x38b5F69B0e911e9E6C3CAB834179c274CD0615D0,3,0x0d500B1d8E8eF31E21C99d1Db9A6444d3ADf1270,0x3Fd95989923d038866C00d28eA47f97026e3E8FA,18,18,10000
0x3CF57B9d1F7cA6F85A15Fc5a53016544F924E374,3,0x0d500B1d8E8eF31E21C99d1Db9A6444d3ADf1270,0xAD135AF491Cb0246aE8DddC53B44C52d05e3B2b9,18,18,500
0x2DAf3Ae42dBA03B6FA7B341A040D4f8665bce9eD,3,0x0d500B1d8E8eF31E21C99d1Db9A6444d3ADf1270,0xb0D498572e08142F07FB2808baf9321324E103A2,18,9,500
0x31F6BB965FAB3a22cb2efD0cf5DC6b4D10edDAC6,3,0x11f98A36aCBD04cA3Aa3a149d402AFFbD5966fe7,0xcd13201C8847Fcd438a7Ba8C263d48A8DAcB5A84,16,18,100
0xB4851184C1DCBb9f7bD8402FBC8125dF5C166447,3,0x0d500B1d8E8eF31E21C99d1Db9A6444d3ADf1270,0xcd13201C8847Fcd438a7Ba8C263d48A8DAcB5A84,18,18,10000
0x3f31F15d7e23353e451161F271ed321D596Ebe32,3,0xc2132D05D31c914a87C6611C10748AEb04B58e8F,0xCE0461E819311b1c6A9528f20ee93cA368bb646d,6,9,500
0x6Dee85272838E7a259Ad9F8AE4041e60c1Ace336,3,0xCE0461E819311b1c6A9528f20ee93cA368bb646d,0xeFb3009DdAc87E8144803d78E235E7fb4cd36e61,9,9,500
0x87977690C1688E85d13fA46e3C13FBa2722C3F7a,3,0x0d500B1d8E8eF31E21C99d1Db9A6444d3ADf1270,0xA3bB907565d100D69DAC69C2AA4947E381455b64,18,18,10000
0xf1B4069B689557A0e53FB93fA1F5fC6F1c6fDf4e,3,0x0d500B1d8E8eF31E21C99d1Db9A6444d3ADf1270,0xa8Fc3d7D42eD69A61D91f255e3C4Cd75d9F2806E,18,18,100
0x25Bb687b20a84c91d78E742c14bE758852FED681,3,0x2D91CE4c033f82e7496c53b7CC6fF877dd4F0129,0xc2132D05D31c914a87C6611C10748AEb04B58e8F,8,6,10000
0x3BCe95f8f80cf10693CF8742fA4fB8ee21d69abE,3,0x939f73467aF6Cae79B0B3Cb8cED5d25F6Bdcdab1,0xc2132D05D31c914a87C6611C10748AEb04B58e8F,18,6,10000
0x11F37DC04701cB516aa64141f81bb85dDd4c9679,3,0x72AD35BA50857A28F697674Dd33EB77CFaA46536,0xc2132D05D31c914a87C6611C10748AEb04B58e8F,18,6,10000
0x4A0e5B2E6344F2a9E3E123cf6E01d6d35eCC8655,3,0x0d500B1d8E8eF31E21C99d1Db9A6444d3ADf1270,0x72AD35BA50857A28F697674Dd33EB77CFaA46536,18,18,10000
0xaeF6B1bbd5171f3550F05Cf21be23b1273553f3C,3,0x0d500B1d8E8eF31E21C99d1Db9A6444d3ADf1270,0xaAee79Fa6327596b0a1A93d68b5C650107Eaf84F,18,18,3000
0x6e81A6DB478FACC95aCadD8b300482A4C945f77b,3,0x9B3C433CD8e74f7177784F0F889b0399311D4E86,0xc2132D05D31c914a87C6611C10748AEb04B58e8F,18,6,500
0xE20932a3c28899D296334C15c2166A174f77E830,3,0x0d500B1d8E8eF31E21C99d1Db9A6444d3ADf1270,0xa0551953E059a708AEe00A7Dd442Bb7f8188A722,18,18,3000
0x4Ead61E6A75bd1A2006d3c6d81B491aa21004cF6,3,0x0d500B1d8E8eF31E21C99d1Db9A6444d3ADf1270,0x54B84c76cF0465D1B80e247959dA8327056A3Cc0,18,8,3000
0x0833859E9Bc9FCf58FAa1ec048B0a94b4E8E2724,3,0xbF7970D56a150cD0b60BD08388A4A75a27777777,0xc2132D05D31c914a87C6611C10748AEb04B58e8F,18,6,100
0x27A29F89f35faDbD6dB44Ef3B06Ec57eb9B21198,3,0x0d500B1d8E8eF31E21C99d1Db9A6444d3ADf1270,0xE5Fb4B6fc63ED0b430cFbdae44D461CFf64Cd6b7,18,18,10000
0x1D37fAa2Df2E6c5065696d5Aca989367fBF7646c,3,0x0d500B1d8E8eF31E21C99d1Db9A6444d3ADf1270,0xCe899f5fcF55B0c1d7478910f812Cfe68C5bcf0f,18,18,500
